FAB12,M123456.00,CP1,13,M123456.13,22,B,136,0,2025-09-28 08:02:53.000,684699,0,0,0,2025-11-25 16:48:09.000,2025-12-02 15:22:07.000,"4,7,125","3,2,11,120","40,6,5,19,28,5,3,30","4,46,8,63,8,1,0,1,5",0.0000117921051855782553580378,0.0000176732568277682211277894,0.0000648145420263382729870666,0.0006832506789803622367349728,,,,2025-12-02 15:22:07.000,M123456.00,"4,46,8,69,9","1,6,0,14,0","2,22,6,34,1,11,18,25,17"
FAB12,M123456.00,CP1,13,M123456.13,27,B,44,0,2025-09-28 08:02:53.000,684699,0,0,0,2025-11-25 16:48:09.000,2025-12-02 15:22:07.000,"1,4,39","0,4,6,34","8,1,0,6,4,1,2,22","1,10,3,26,0,0,0,3,1",0.0000235842103711565107160756,0,0.0000353533865598208761747636,0.0001935876923777693004082423,,,,2025-12-02 15:22:07.000,M123456.00,"1,10,3,29,1","0,1,0,8,0","0,10,1,15,0,0,0,13,5"
FAB12,M123456.00,CP1,13,M123456.13,29,G,17,0,2025-09-28 08:02:53.000,684699,0,0,0,2025-11-25 16:48:09.000,2025-12-02 15:22:07.000,"0,2,15","0,0,2,15","2,1,0,5,1,0,1,7","0,6,1,8,0,0,0,1,1",0,0,0.0000117844621866069587249212,0.0000854063348725452795918716,,,,2025-12-02 15:22:07.000,M123456.00,"0,6,1,9,1","0,1,0,1,0","0,5,1,5,0,0,1,4,1"
FAB12,P9XP47.00,CP3,1,P9XP47.01,1,G,4978,0,2025-10-22 03:01:28.000,684699,0,0,0,2026-03-12 13:35:34.000,2026-05-06 09:29:38.000,"1649,1650,1679","1234,1246,1210,1288","671,638,611,590,598,590,636,644","1649,365,399,493,422,411,414,407,418",0.9540581929555895865237366003,0.953632148377125193199381762,0.9467918622848200312989045383,0.9333333333333333333333333333,,,,2026-05-06 09:29:38.000,P9XP47.00,"1649,776,809,903,841","544,549,405,546,407","823,354,700,402,720,486,447,524,522"
FAB12,P9XP47.00,CP3,1,P9XP47.01,5,B,2,0,2025-10-22 03:01:28.000,684699,0,0,0,2026-03-12 13:35:34.000,2026-05-06 09:29:38.000,"1,1,0","1,1,0,0","1,0,0,0,0,0,1,0","1,0,0,0,0,0,0,1,0",0.0007656967840735068912710567,0.0007727975270479134466769706,0,0,,,,2026-05-06 09:29:38.000,P9XP47.00,"1,0,1,0,0","1,0,1,0,0","1,0,1,0,0,0,0,0,0"

TABLE,VEDA_TBL_CP_WAFER_SUM_202608230854.csv
"FAB_NAME","LOTID","TEST_TYPE","WAFERNO","WAFERID","MEASURETIME","WEEK","MONTH","CP_RTN_LOTID","VIEW_FLAG","DATA_SOURCE","GROSS_DIE","NUM_GOOD_DIE","BIN0","BIN1","BIN2","BIN3","BIN4","BIN5","BIN6","BIN7","BIN8","BIN9","BIN10","BIN11","BIN12","BIN13","BIN14","BIN15","BIN16","BIN17","BIN18","BIN19","BIN20","BIN21","BIN22","BIN23","BIN24","BIN25","BIN26","BIN27","BIN28","BIN29","BIN30","BIN31","BIN32","BIN33","BIN34","BIN35","BIN36","BIN37","BIN38","BIN39","BIN40","BIN41","BIN42","BIN43","BIN44","BIN45","BIN46","BIN47","BIN48","BIN49","BIN50","BIN51","BIN52","BIN53","BIN54","BIN55","BIN56","BIN57","BIN58","BIN59","BIN60","BIN61","BIN62","BIN63","BIN64","BIN65","BIN66","BIN67","BIN68","BIN69","BIN70","BIN71","BIN72","BIN73","BIN74","BIN75","BIN76","BIN77","BIN78","BIN79","BIN80","BIN81","BIN82","BIN83","BIN84","BIN85","BIN86","BIN87","BIN88","BIN89","BIN90","BIN91","BIN92","BIN93","BIN94","BIN95","BIN96","BIN97","BIN98","BIN99","CREATETIME","MODIFYTIME","D0_FIT","NUM_TESTED_DIE","NUM_FUNCTIONAL_DIE","TL_X_COORD","TL_Y_COORD","BR_X_COORD","BR_Y_COORD","LOADTIME","RANGE_INDEX","MARK_FLAG","YIELD","TIMESTAMP","OPEN_DIE_CNT","RECVRY_DIE_CNT","REPROBE_DIE_CNT","REPAIR_DIE_CNT","KILL_DIE_CNT","VI_DIE_CNT","YLD_TYPE","MAP_X_AXIS_MAX","MAP_X_AXIS_MIN","MAP_Y_AXIS_MAX","MAP_Y_AXIS_MIN","ZONEID_DIECNT_STRING_3C","ZONEID_DIECNT_STRING_4C","ZONEID_DIECNT_STRING_8P","ZONEID_DIECNT_STRING_9S","MES_LOT_ID","ZONEID_DIECNT_STRING_5S","ZONEID_DIECNT_STRING_5W","ZONEID_DIECNT_STRING_9W","SHIPPING_YIELD"
FAB12,F4MG93.1,CP1,1,F4MG93.01,2019-09-23 19:17:11.000,"201939","201909",,,,1980,1972,0,0,0,0,0,3,0,0,1,0,0,0,1,0,0,0,0,0,0,0,0,0,0,3,0,0,0,0,0,0,0,0,0,0,0,0,0,0,0,0,0,0,0,0,0,0,0,0,0,0,0,0,0,0,0,0,0,0,0,0,0,0,0,0,0,0,0,0,0,0,0,0,0,0,0,0,0,0,0,0,0,0,0,0,0,0,0,0,0,0,0,0,0,0,0,0,0,0,0,0,2019-09-23 21:41:02.000,2019-09-23 21:41:02.000,-0.099679,1980,1980,,,,,,1,T,99.6,2025-08-26 08:59:12.000,0,0,0,0,0,0,FULL,1019,978,1031,968,"628,636,716","478,477,470,555","286,241,254,240,260,212,245,242","628,185,139,212,180,157,161,158,160",F4MG93.1,"628,343,301,370,338","214,217,211,216,211","320,202,202,209,223,210,188,209,217",
FAB12,F4MG93.1,CP1,3,F4MG93.03,2019-09-23 19:47:34.000,"201939","201909",,,,1980,1965,0,1965,0,0,0,0,0,0,0,0,0,0,0,0,0,0,0,0,0,0,0,0,0,0,0,0,0,0,0,0,0,0,0,0,0,0,0,0,0,0,0,0,0,0,0,0,0,0,0,0,0,0,0,0,0,0,0,0,0,0,0,0,0,0,0,0,0,0,0,0,0,0,0,0,0,0,0,0,0,0,0,0,0,0,0,0,0,0,0,0,0,0,0,0,0,0,0,0,0,0,2019-09-23 21:41:04.000,2019-09-23 21:41:04.000,-0.083122,1980,1980,,,,,,0,T,99.24,2025-08-26 08:59:12.000,0,0,0,0,0,0,FULL,1019,978,1031,968,"628,636,716","478,477,470,555","286,241,254,240,260,212,245,242","628,185,139,212,180,157,161,158,160",F4MG93.1,"628,343,301,370,338","214,217,211,216,211","320,202,202,209,223,210,188,209,217",
FAB12,F4MG93.1,CP1,3,F4MG93.03,2019-09-23 19:47:34.000,"201939","201909",,,,1980,1965,0,0,0,0,0,3,0,1,0,1,0,0,1,0,0,0,0,0,0,0,0,0,0,9,0,0,0,0,0,0,0,0,0,0,0,0,0,0,0,0,0,0,0,0,0,0,0,0,0,0,0,0,0,0,0,0,0,0,0,0,0,0,0,0,0,0,0,0,0,0,0,0,0,0,0,0,0,0,0,0,0,0,0,0,0,0,0,0,0,0,0,0,0,0,0,0,0,0,0,0,2019-09-23 21:41:04.000,2019-09-23 21:41:04.000,-0.083122,1980,1980,,,,,,1,T,99.24,2025-08-26 08:59:12.000,0,0,0,0,0,0,FULL,1019,978,1031,968,"628,636,716","478,477,470,555","286,241,254,240,260,212,245,242","628,185,139,212,180,157,161,158,160",F4MG93.1,"628,343,301,370,338","214,217,211,216,211","320,202,202,209,223,210,188,209,217",
FAB12,F4MG93.1,CP1,4,F4MG93.04,2019-09-23 20:16:24.000,"201939","201909",,,,1980,1967,0,1967,0,0,0,0,0,0,0,0,0,0,0,0,0,0,0,0,0,0,0,0,0,0,0,0,0,0,0,0,0,0,0,0,0,0,0,0,0,0,0,0,0,0,0,0,0,0,0,0,0,0,0,0,0,0,0,0,0,0,0,0,0,0,0,0,0,0,0,0,0,0,0,0,0,0,0,0,0,0,0,0,0,0,0,0,0,0,0,0,0,0,0,0,0,0,0,0,0,0,2019-09-23 21:41:05.000,2019-09-23 21:41:05.000,-0.087728,1980,1980,,,,,,0,T,99.34,2025-08-26 08:59:12.000,0,0,0,0,0,0,FULL,1019,978,1031,968,"628,636,716","478,477,470,555","286,241,254,240,260,212,245,242","628,185,139,212,180,157,161,158,160",F4MG93.1,"628,343,301,370,338","214,217,211,216,211","320,202,202,209,223,210,188,209,217",
FAB12,F4MG93.1,CP1,4,F4MG93.04,2019-09-23 20:16:24.000,"201939","201909",,,,1980,1967,0,0,0,0,0,1,0,0,2,1,0,0,0,0,0,0,0,0,0,0,0,0,0,9,0,0,0,0,0,0,0,0,0,0,0,0,0,0,0,0,0,0,0,0,0,0,0,0,0,0,0,0,0,0,0,0,0,0,0,0,0,0,0,0,0,0,0,0,0,0,0,0,0,0,0,0,0,0,0,0,0,0,0,0,0,0,0,0,0,0,0,0,0,0,0,0,0,0,0,0,2019-09-23 21:41:05.000,2019-09-23 21:41:05.000,-0.087728,1980,1980,,,,,,1,T,99.34,2025-08-26 08:59:12.000,0,0,0,0,0,0,FULL,1019,978,1031,968,"628,636,716","478,477,470,555","286,241,254,240,260,212,245,242","628,185,139,212,180,157,161,158,160",F4MG93.1,"628,343,301,370,338","214,217,211,216,211","320,202,202,209,223,210,188,209,217",
FAB12,F4MG93.1,CP1,5,F4MG93.05,2019-09-23 20:47:10.000,"201939","201909",,,,1980,1978,0,1978,0,0,0,0,0,0,0,0,0,0,0,0,0,0,0,0,0,0,0,0,0,0,0,0,0,0,0,0,0,0,0,0,0,0,0,0,0,0,0,0,0,0,0,0,0,0,0,0,0,0,0,0,0,0,0,0,0,0,0,0,0,0,0,0,0,0,0,0,0,0,0,0,0,0,0,0,0,0,0,0,0,0,0,0,0,0,0,0,0,0,0,0,0,0,0,0,0,0,2019-09-23 22:41:07.000,2019-09-23 22:41:07.000,-0.113427,1980,1980,,,,,,0,T,99.9,2025-08-26 08:59:12.000,0,0,0,0,0,0,FULL,1019,978,1031,968,"628,636,716","478,477,470,555","286,241,254,240,260,212,245,242","628,185,139,212,180,157,161,158,160",F4MG93.1,"628,343,301,370,338","214,217,211,216,211","320,202,202,209,223,210,188,209,217",
FAB12,F4MG93.1,CP1,5,F4MG93.05,2019-09-23 20:47:10.000,"201939","201909",,,,1980,1978,0,0,0,0,0,0,0,0,0,0,0,0,0,0,0,0,0,0,0,0,0,0,0,2,0,0,0,0,0,0,0,0,0,0,0,0,0,0,0,0,0,0,0,0,0,0,0,0,0,0,0,0,0,0,0,0,0,0,0,0,0,0,0,0,0,0,0,0,0,0,0,0,0,0,0,0,0,0,0,0,0,0,0,0,0,0,0,0,0,0,0,0,0,0,0,0,0,0,0,0,2019-09-23 22:41:07.000,2019-09-23 22:41:07.000,-0.113427,1980,1980,,,,,,1,T,99.9,2025-08-26 08:59:12.000,0,0,0,0,0,0,FULL,1019,978,1031,968,"628,636,716","478,477,470,555","286,241,254,240,260,212,245,242","628,185,139,212,180,157,161,158,160",F4MG93.1,"628,343,301,370,338","214,217,211,216,211","320,202,202,209,223,210,188,209,217",
FAB12,F4MG93.1,CP1,6,F4MG93.06,2019-09-23 21:21:31.000,"201939","201909",,,,1980,1973,0,1973,0,0,0,0,0,0,0,0,0,0,0,0,0,0,0,0,0,0,0,0,0,0,0,0,0,0,0,0,0,0,0,0,0,0,0,0,0,0,0,0,0,0,0,0,0,0,0,0,0,0,0,0,0,0,0,0,0,0,0,0,0,0,0,0,0,0,0,0,0,0,0,0,0,0,0,0,0,0,0,0,0,0,0,0,0,0,0,0,0,0,0,0,0,0,0,0,0,0,2019-09-23 22:41:08.000,2019-09-23 22:41:08.000,-0.101974,1980,1980,,,,,,0,T,99.65,2025-08-26 08:59:12.000,0,0,0,0,0,0,FULL,1019,978,1031,968,"628,636,716","478,477,470,555","286,241,254,240,260,212,245,242","628,185,139,212,180,157,161,158,160",F4MG93.1,"628,343,301,370,338","214,217,211,216,211","320,202,202,209,223,210,188,209,217",
FAB12,F4MG93.1,CP1,6,F4MG93.06,2019-09-23 21:21:31.000,"201939","201909",,,,1980,1973,0,0,0,0,0,1,0,1,0,0,1,0,0,0,0,0,0,0,0,0,0,0,0,4,0,0,0,0,0,0,0,0,0,0,0,0,0,0,0,0,0,0,0,0,0,0,0,0,0,0,0,0,0,0,0,0,0,0,0,0,0,0,0,0,0,0,0,0,0,0,0,0,0,0,0,0,0,0,0,0,0,0,0,0,0,0,0,0,0,0,0,0,0,0,0,0,0,0,0,0,2019-09-23 22:41:08.000,2019-09-23 22:41:08.000,-0.101974,1980,1980,,,,,,1,T,99.65,2025-08-26 08:59:12.000,0,0,0,0,0,0,FULL,1019,978,1031,968,"628,636,716","478,477,470,555","286,241,254,240,260,212,245,242","628,185,139,212,180,157,161,158,160",F4MG93.1,"628,343,301,370,338","214,217,211,216,211","320,202,202,209,223,210,188,209,217",
FAB12,F4MG93.1,CP1,7,F4MG93.07,2019-09-23 22:39:05.000,"201939","201909",,,,1980,1966,0,1966,0,0,0,0,0,0,0,0,0,0,0,0,0,0,0,0,0,0,0,0,0,0,0,0,0,0,0,0,0,0,0,0,0,0,0,0,0,0,0,0,0,0,0,0,0,0,0,0,0,0,0,0,0,0,0,0,0,0,0,0,0,0,0,0,0,0,0,0,0,0,0,0,0,0,0,0,0,0,0,0,0,0,0,0,0,0,0,0,0,0,0,0,0,0,0,0,0,0,2019-09-23 23:41:01.000,2019-09-23 23:41:01.000,-0.085425,1980,1980,,,,,,0,T,99.29,2025-08-26 08:59:12.000,0,0,0,0,0,0,FULL,1019,978,1031,968,"628,636,716","478,477,470,555","286,241,254,240,260,212,245,242","628,185,139,212,180,157,161,158,160",F4MG93.1,"628,343,301,370,338","214,217,211,216,211","320,202,202,209,223,210,188,209,217",
FAB12,F4MG93.1,CP1,7,F4MG93.07,2019-09-23 22:39:05.000,"201939","201909",,,,1980,1966,0,0,0,0,0,1,0,0,2,1,0,0,0,0,0,0,0,0,0,0,0,0,0,10,0,0,0,0,0,0,0,0,0,0,0,0,0,0,0,0,0,0,0,0,0,0,0,0,0,0,0,0,0,0,0,0,0,0,0,0,0,0,0,0,0,0,0,0,0,0,0,0,0,0,0,0,0,0,0,0,0,0,0,0,0,0,0,0,0,0,0,0,0,0,0,0,0,0,0,0,2019-09-23 23:41:01.000,2019-09-23 23:41:01.000,-0.085425,1980,1980,,,,,,1,T,99.29,2025-08-26 08:59:12.000,0,0,0,0,0,0,FULL,1019,978,1031,968,"628,636,716","478,477,470,555","286,241,254,240,260,212,245,242","628,185,139,212,180,157,161,158,160",F4MG93.1,"628,343,301,370,338","214,217,211,216,211","320,202,202,209,223,210,188,209,217",
FAB12,F4MG93.1,CP1,8,F4MG93.08,2019-09-23 23:10:59.000,"201939","201909",,,,1980,1971,0,1971,0,0,0,0,0,0,0,0,0,0,0,0,0,0,0,0,0,0,0,0,0,0,0,0,0,0,0,0,0,0,0,0,0,0,0,0,0,0,0,0,0,0,0,0,0,0,0,0,0,0,0,0,0,0,0,0,0,0,0,0,0,0,0,0,0,0,0,0,0,0,0,0,0,0,0,0,0,0,0,0,0,0,0,0,0,0,0,0,0,0,0,0,0,0,0,0,0,0,2019-09-24 00:41:01.000,2019-09-24 00:41:01.000,-0.097383,1980,1980,,,,,,0,T,99.55,2025-08-26 08:59:12.000,0,0,0,0,0,0,FULL,1019,978,1031,968,"628,636,716","478,477,470,555","286,241,254,240,260,212,245,242","628,185,139,212,180,157,161,158,160",F4MG93.1,"628,343,301,370,338","214,217,211,216,211","320,202,202,209,223,210,188,209,217",
FAB12,F4MG93.1,CP1,8,F4MG93.08,2019-09-23 23:10:59.000,"201939","201909",,,,1980,1971,0,0,0,0,0,2,0,1,0,1,0,0,0,0,0,0,0,0,0,0,0,0,0,5,0,0,0,0,0,0,0,0,0,0,0,0,0,0,0,0,0,0,0,0,0,0,0,0,0,0,0,0,0,0,0,0,0,0,0,0,0,0,0,0,0,0,0,0,0,0,0,0,0,0,0,0,0,0,0,0,0,0,0,0,0,0,0,0,0,0,0,0,0,0,0,0,0,0,0,0,2019-09-24 00:41:01.000,2019-09-24 00:41:01.000,-0.097383,1980,1980,,,,,,1,T,99.55,2025-08-26 08:59:12.000,0,0,0,0,0,0,FULL,1019,978,1031,968,"628,636,716","478,477,470,555","286,241,254,240,260,212,245,242","628,185,139,212,180,157,161,158,160",F4MG93.1,"628,343,301,370,338","214,217,211,216,211","320,202,202,209,223,210,188,209,217",
FAB12,F4MG93.1,CP1,10,F4MG93.10,2019-09-24 00:15:10.000,"201939","201909",,,,1980,1970,0,1970,0,0,0,0,0,0,0,0,0,0,0,0,0,0,0,0,0,0,0,0,0,0,0,0,0,0,0,0,0,0,0,0,0,0,0,0,0,0,0,0,0,0,0,0,0,0,0,0,0,0,0,0,0,0,0,0,0,0,0,0,0,0,0,0,0,0,0,0,0,0,0,0,0,0,0,0,0,0,0,0,0,0,0,0,0,0,0,0,0,0,0,0,0,0,0,0,0,0,2019-09-24 01:41:01.000,2019-09-24 01:41:01.000,-0.094627,1980,1980,,,,,,0,T,99.49,2025-08-26 08:59:12.000,0,0,0,0,0,0,FULL,1019,978,1031,968,"628,636,716","478,477,470,555","286,241,254,240,260,212,245,242","628,185,139,212,180,157,161,158,160",F4MG93.1,"628,343,301,370,338","214,217,211,216,211","320,202,202,209,223,210,188,209,217",
FAB12,F4MG93.1,CP1,9,F4MG93.09,2019-09-23 23:40:53.000,"201939","201909",,,,1980,1969,0,1969,0,0,0,0,0,0,0,0,0,0,0,0,0,0,0,0,0,0,0,0,0,0,0,0,0,0,0,0,0,0,0,0,0,0,0,0,0,0,0,0,0,0,0,0,0,0,0,0,0,0,0,0,0,0,0,0,0,0,0,0,0,0,0,0,0,0,0,0,0,0,0,0,0,0,0,0,0,0,0,0,0,0,0,0,0,0,0,0,0,0,0,0,0,0,0,0,0,0,2019-09-24 00:41:03.000,2019-09-24 00:41:03.000,-0.092328,1980,1980,,,,,,0,T,99.44,2025-08-26 08:59:12.000,0,0,0,0,0,0,FULL,1019,978,1031,968,"628,636,716","478,477,470,555","286,241,254,240,260,212,245,242","628,185,139,212,180,157,161,158,160",F4MG93.1,"628,343,301,370,338","214,217,211,216,211","320,202,202,209,223,210,188,209,217",
FAB12,F4MG93.1,CP1,9,F4MG93.09,2019-09-23 23:40:53.000,"201939","201909",,,,1980,1969,0,0,0,0,0,3,0,0,1,0,0,0,0,0,0,0,0,0,0,0,0,0,0,7,0,0,0,0,0,0,0,0,0,0,0,0,0,0,0,0,0,0,0,0,0,0,0,0,0,0,0,0,0,0,0,0,0,0,0,0,0,0,0,0,0,0,0,0,0,0,0,0,0,0,0,0,0,0,0,0,0,0,0,0,0,0,0,0,0,0,0,0,0,0,0,0,0,0,0,0,2019-09-24 00:41:03.000,2019-09-24 00:41:03.000,-0.092328,1980,1980,,,,,,1,T,99.44,2025-08-26 08:59:12.000,0,0,0,0,0,0,FULL,1019,978,1031,968,"628,636,716","478,477,470,555","286,241,254,240,260,212,245,242","628,185,139,212,180,157,161,158,160",F4MG93.1,"628,343,301,370,338","214,217,211,216,211","320,202,202,209,223,210,188,209,217",
FAB12,F4MG93.1,CP1,10,F4MG93.10,2019-09-24 00:15:10.000,"201939","201909",,,,1980,1970,0,0,0,0,0,0,0,0,0,1,0,0,0,0,0,0,0,0,0,0,0,0,0,9,0,0,0,0,0,0,0,0,0,0,0,0,0,0,0,0,0,0,0,0,0,0,0,0,0,0,0,0,0,0,0,0,0,0,0,0,0,0,0,0,0,0,0,0,0,0,0,0,0,0,0,0,0,0,0,0,0,0,0,0,0,0,0,0,0,0,0,0,0,0,0,0,0,0,0,0,2019-09-24 01:41:01.000,2019-09-24 01:41:01.000,-0.094627,1980,1980,,,,,,1,T,99.49,2025-08-26 08:59:12.000,0,0,0,0,0,0,FULL,1019,978,1031,968,"628,636,716","478,477,470,555","286,241,254,240,260,212,245,242","628,185,139,212,180,157,161,158,160",F4MG93.1,"628,343,301,370,338","214,217,211,216,211","320,202,202,209,223,210,188,209,217",
FAB12,F4MG93.1,CP1,11,F4MG93.11,2019-09-24 16:20:46.000,"201939","201909",,,,1980,1967,0,1967,0,0,0,0,0,0,0,0,0,0,0,0,0,0,0,0,0,0,0,0,0,0,0,0,0,0,0,0,0,0,0,0,0,0,0,0,0,0,0,0,0,0,0,0,0,0,0,0,0,0,0,0,0,0,0,0,0,0,0,0,0,0,0,0,0,0,0,0,0,0,0,0,0,0,0,0,0,0,0,0,0,0,0,0,0,0,0,0,0,0,0,0,0,0,0,0,0,0,2019-09-24 17:41:17.000,2019-09-24 17:41:17.000,-0.087728,1980,1980,,,,,,0,T,99.34,2025-08-26 08:59:12.000,0,0,0,0,0,0,FULL,1019,978,1031,968,"628,636,716","478,477,470,555","286,241,254,240,260,212,245,242","628,185,139,212,180,157,161,158,160",F4MG93.1,"628,343,301,370,338","214,217,211,216,211","320,202,202,209,223,210,188,209,217",
FAB12,F4MG93.1,CP1,11,F4MG93.11,2019-09-24 16:20:46.000,"201939","201909",,,,1980,1967,0,0,0,0,0,2,0,0,1,1,0,0,0,0,0,0,0,0,0,0,0,0,0,9,0,0,0,0,0,0,0,0,0,0,0,0,0,0,0,0,0,0,0,0,0,0,0,0,0,0,0,0,0,0,0,0,0,0,0,0,0,0,0,0,0,0,0,0,0,0,0,0,0,0,0,0,0,0,0,0,0,0,0,0,0,0,0,0,0,0,0,0,0,0,0,0,0,0,0,0,2019-09-24 17:41:17.000,2019-09-24 17:41:17.000,-0.087728,1980,1980,,,,,,1,T,99.34,2025-08-26 08:59:12.000,0,0,0,0,0,0,FULL,1019,978,1031,968,"628,636,716","478,477,470,555","286,241,254,240,260,212,245,242","628,185,139,212,180,157,161,158,160",F4MG93.1,"628,343,301,370,338","214,217,211,216,211","320,202,202,209,223,210,188,209,217",
FAB12,F4MG93.1,CP1,12,F4MG93.12,2019-09-24 16:59:26.000,"201939","201909",,,,1980,1977,0,1977,0,0,0,0,0,0,0,0,0,0,0,0,0,0,0,0,0,0,0,0,0,0,0,0,0,0,0,0,0,0,0,0,0,0,0,0,0,0,0,0,0,0,0,0,0,0,0,0,0,0,0,0,0,0,0,0,0,0,0,0,0,0,0,0,0,0,0,0,0,0,0,0,0,0,0,0,0,0,0,0,0,0,0,0,0,0,0,0,0,0,0,0,0,0,0,0,0,0,2019-09-24 17:41:19.000,2019-09-24 17:41:19.000,-0.111139,1980,1980,,,,,,0,T,99.85,2025-08-26 08:59:12.000,0,0,0,0,0,0,FULL,1019,978,1031,968,"628,636,716","478,477,470,555","286,241,254,240,260,212,245,242","628,185,139,212,180,157,161,158,160",F4MG93.1,"628,343,301,370,338","214,217,211,216,211","320,202,202,209,223,210,188,209,217",
FAB12,F4MG93.1,CP1,12,F4MG93.12,2019-09-24 16:59:26.000,"201939","201909",,,,1980,1977,0,0,0,0,0,1,0,0,1,0,0,0,0,0,0,0,0,0,0,0,0,0,0,1,0,0,0,0,0,0,0,0,0,0,0,0,0,0,0,0,0,0,0,0,0,0,0,0,0,0,0,0,0,0,0,0,0,0,0,0,0,0,0,0,0,0,0,0,0,0,0,0,0,0,0,0,0,0,0,0,0,0,0,0,0,0,0,0,0,0,0,0,0,0,0,0,0,0,0,0,2019-09-24 17:41:19.000,2019-09-24 17:41:19.000,-0.111139,1980,1980,,,,,,1,T,99.85,2025-08-26 08:59:12.000,0,0,0,0,0,0,FULL,1019,978,1031,968,"628,636,716","478,477,470,555","286,241,254,240,260,212,245,242","628,185,139,212,180,157,161,158,160",F4MG93.1,"628,343,301,370,338","214,217,211,216,211","320,202,202,209,223,210,188,209,217",
FAB12,F4MG93.1,CP1,13,F4MG93.13,2019-09-24 18:46:57.000,"201939","201909",,,,1980,1966,0,1966,0,0,0,0,0,0,0,0,0,0,0,0,0,0,0,0,0,0,0,0,0,0,0,0,0,0,0,0,0,0,0,0,0,0,0,0,0,0,0,0,0,0,0,0,0,0,0,0,0,0,0,0,0,0,0,0,0,0,0,0,0,0,0,0,0,0,0,0,0,0,0,0,0,0,0,0,0,0,0,0,0,0,0,0,0,0,0,0,0,0,0,0,0,0,0,0,0,0,2019-09-24 21:41:11.000,2019-09-24 21:41:11.000,-0.085425,1980,1980,,,,,,0,T,99.29,2025-08-26 08:59:12.000,0,0,0,0,0,0,FULL,1019,978,1031,968,"628,636,716","478,477,470,555","286,241,254,240,260,212,245,242","628,185,139,212,180,157,161,158,160",F4MG93.1,"628,343,301,370,338","214,217,211,216,211","320,202,202,209,223,210,188,209,217",
FAB12,F4MG93.1,CP1,13,F4MG93.13,2019-09-24 18:46:57.000,"201939","201909",,,,1980,1966,0,0,0,0,0,2,0,0,1,0,0,0,0,0,0,0,0,0,0,0,0,0,0,7,0,0,1,0,0,0,0,0,0,0,0,0,3,0,0,0,0,0,0,0,0,0,0,0,0,0,0,0,0,0,0,0,0,0,0,0,0,0,0,0,0,0,0,0,0,0,0,0,0,0,0,0,0,0,0,0,0,0,0,0,0,0,0,0,0,0,0,0,0,0,0,0,0,0,0,0,2019-09-24 21:41:11.000,2019-09-24 21:41:11.000,-0.085425,1980,1980,,,,,,1,T,99.29,2025-08-26 08:59:12.000,0,0,0,0,0,0,FULL,1019,978,1031,968,"628,636,716","478,477,470,555","286,241,254,240,260,212,245,242","628,185,139,212,180,157,161,158,160",F4MG93.1,"628,343,301,370,338","214,217,211,216,211","320,202,202,209,223,210,188,209,217",
FAB12,F4MG93.1,CP1,14,F4MG93.14,2019-09-24 19:24:28.000,"201939","201909",,,,1980,1972,0,1972,0,0,0,0,0,0,0,0,0,0,0,0,0,0,0,0,0,0,0,0,0,0,0,0,0,0,0,0,0,0,0,0,0,0,0,0,0,0,0,0,0,0,0,0,0,0,0,0,0,0,0,0,0,0,0,0,0,0,0,0,0,0,0,0,0,0,0,0,0,0,0,0,0,0,0,0,0,0,0,0,0,0,0,0,0,0,0,0,0,0,0,0,0,0,0,0,0,0,2019-09-24 21:41:13.000,2019-09-24 21:41:13.000,-0.099679,1980,1980,,,,,,0,T,99.6,2025-08-26 08:59:12.000,0,0,0,0,0,0,FULL,1019,978,1031,968,"628,636,716","478,477,470,555","286,241,254,240,260,212,245,242","628,185,139,212,180,157,161,158,160",F4MG93.1,"628,343,301,370,338","214,217,211,216,211","320,202,202,209,223,210,188,209,217",
FAB12,F4MG93.1,CP1,14,F4MG93.14,2019-09-24 19:24:28.000,"201939","201909",,,,1980,1972,0,0,0,0,0,1,0,1,1,0,0,0,0,0,0,0,0,0,0,0,0,0,0,5,0,0,0,0,0,0,0,0,0,0,0,0,0,0,0,0,0,0,0,0,0,0,0,0,0,0,0,0,0,0,0,0,0,0,0,0,0,0,0,0,0,0,0,0,0,0,0,0,0,0,0,0,0,0,0,0,0,0,0,0,0,0,0,0,0,0,0,0,0,0,0,0,0,0,0,0,2019-09-24 21:41:13.000,2019-09-24 21:41:13.000,-0.099679,1980,1980,,,,,,1,T,99.6,2025-08-26 08:59:12.000,0,0,0,0,0,0,FULL,1019,978,1031,968,"628,636,716","478,477,470,555","286,241,254,240,260,212,245,242","628,185,139,212,180,157,161,158,160",F4MG93.1,"628,343,301,370,338","214,217,211,216,211","320,202,202,209,223,210,188,209,217",
FAB12,F4MG93.1,CP1,15,F4MG93.15,2019-09-24 21:40:31.000,"201939","201909",,,,1980,1969,0,1969,0,0,0,0,0,0,0,0,0,0,0,0,0,0,0,0,0,0,0,0,0,0,0,0,0,0,0,0,0,0,0,0,0,0,0,0,0,0,0,0,0,0,0,0,0,0,0,0,0,0,0,0,0,0,0,0,0,0,0,0,0,0,0,0,0,0,0,0,0,0,0,0,0,0,0,0,0,0,0,0,0,0,0,0,0,0,0,0,0,0,0,0,0,0,0,0,0,0,2019-09-24 22:41:06.000,2019-09-24 22:41:06.000,-0.092328,1980,1980,,,,,,0,T,99.44,2025-08-26 08:59:12.000,0,0,0,0,0,0,FULL,1019,978,1031,968,"628,636,716","478,477,470,555","286,241,254,240,260,212,245,242","628,185,139,212,180,157,161,158,160",F4MG93.1,"628,343,301,370,338","214,217,211,216,211","320,202,202,209,223,210,188,209,217",
FAB12,F4MG93.1,CP1,15,F4MG93.15,2019-09-24 21:40:31.000,"201939","201909",,,,1980,1969,0,0,0,0,0,1,0,0,1,0,0,0,1,0,0,0,0,0,0,0,0,0,0,8,0,0,0,0,0,0,0,0,0,0,0,0,0,0,0,0,0,0,0,0,0,0,0,0,0,0,0,0,0,0,0,0,0,0,0,0,0,0,0,0,0,0,0,0,0,0,0,0,0,0,0,0,0,0,0,0,0,0,0,0,0,0,0,0,0,0,0,0,0,0,0,0,0,0,0,0,2019-09-24 22:41:06.000,2019-09-24 22:41:06.000,-0.092328,1980,1980,,,,,,1,T,99.44,2025-08-26 08:59:12.000,0,0,0,0,0,0,FULL,1019,978,1031,968,"628,636,716","478,477,470,555","286,241,254,240,260,212,245,242","628,185,139,212,180,157,161,158,160",F4MG93.1,"628,343,301,370,338","214,217,211,216,211","320,202,202,209,223,210,188,209,217",
FAB12,F4MG93.1,CP1,16,F4MG93.16,2019-09-24 06:49:38.000,"201939","201909",,,,1980,1962,0,1962,0,0,0,0,0,0,0,0,0,0,0,0,0,0,0,0,0,0,0,0,0,0,0,0,0,0,0,0,0,0,0,0,0,0,0,0,0,0,0,0,0,0,0,0,0,0,0,0,0,0,0,0,0,0,0,0,0,0,0,0,0,0,0,0,0,0,0,0,0,0,0,0,0,0,0,0,0,0,0,0,0,0,0,0,0,0,0,0,0,0,0,0,0,0,0,0,0,0,2019-09-24 07:41:02.000,2019-09-24 07:41:02.000,-0.076204,1980,1980,,,,,,0,T,99.09,2025-08-26 08:59:12.000,0,0,0,0,0,0,FULL,1019,978,1031,968,"628,636,716","478,477,470,555","286,241,254,240,260,212,245,242","628,185,139,212,180,157,161,158,160",F4MG93.1,"628,343,301,370,338","214,217,211,216,211","320,202,202,209,223,210,188,209,217",
FAB12,F4MG93.1,CP1,16,F4MG93.16,2019-09-24 06:49:38.000,"201939","201909",,,,1980,1962,0,0,0,0,0,6,0,0,1,1,0,0,0,0,0,0,0,0,0,0,0,0,0,9,0,0,0,0,0,0,0,0,0,1,0,0,0,0,0,0,0,0,0,0,0,0,0,0,0,0,0,0,0,0,0,0,0,0,0,0,0,0,0,0,0,0,0,0,0,0,0,0,0,0,0,0,0,0,0,0,0,0,0,0,0,0,0,0,0,0,0,0,0,0,0,0,0,0,0,0,2019-09-24 07:41:02.000,2019-09-24 07:41:02.000,-0.076204,1980,1980,,,,,,1,T,99.09,2025-08-26 08:59:12.000,0,0,0,0,0,0,FULL,1019,978,1031,968,"628,636,716","478,477,470,555","286,241,254,240,260,212,245,242","628,185,139,212,180,157,161,158,160",F4MG93.1,"628,343,301,370,338","214,217,211,216,211","320,202,202,209,223,210,188,209,217",
FAB12,F4MG93.1,CP1,17,F4MG93.17,2019-09-24 08:01:33.000,"201939","201909",,,,1980,1970,0,1970,0,0,0,0,0,0,0,0,0,0,0,0,0,0,0,0,0,0,0,0,0,0,0,0,0,0,0,0,0,0,0,0,0,0,0,0,0,0,0,0,0,0,0,0,0,0,0,0,0,0,0,0,0,0,0,0,0,0,0,0,0,0,0,0,0,0,0,0,0,0,0,0,0,0,0,0,0,0,0,0,0,0,0,0,0,0,0,0,0,0,0,0,0,0,0,0,0,0,2019-09-24 08:56:01.000,2019-09-24 08:56:01.000,-0.094627,1980,1980,,,,,,0,T,99.49,2025-08-26 08:59:12.000,0,0,0,0,0,0,FULL,1019,978,1031,968,"628,636,716","478,477,470,555","286,241,254,240,260,212,245,242","628,185,139,212,180,157,161,158,160",F4MG93.1,"628,343,301,370,338","214,217,211,216,211","320,202,202,209,223,210,188,209,217",
FAB12,F4MG93.1,CP1,17,F4MG93.17,2019-09-24 08:01:33.000,"201939","201909",,,,1980,1970,0,0,0,0,0,9,0,0,0,0,0,0,0,0,0,0,0,0,0,0,0,0,0,1,0,0,0,0,0,0,0,0,0,0,0,0,0,0,0,0,0,0,0,0,0,0,0,0,0,0,0,0,0,0,0,0,0,0,0,0,0,0,0,0,0,0,0,0,0,0,0,0,0,0,0,0,0,0,0,0,0,0,0,0,0,0,0,0,0,0,0,0,0,0,0,0,0,0,0,0,2019-09-24 08:56:01.000,2019-09-24 08:56:01.000,-0.094627,1980,1980,,,,,,1,T,99.49,2025-08-26 08:59:12.000,0,0,0,0,0,0,FULL,1019,978,1031,968,"628,636,716","478,477,470,555","286,241,254,240,260,212,245,242","628,185,139,212,180,157,161,158,160",F4MG93.1,"628,343,301,370,338","214,217,211,216,211","320,202,202,209,223,210,188,209,217",
FAB12,F4MG93.1,CP1,18,F4MG93.18,2019-09-24 20:56:53.000,"201939","201909",,,,1980,1962,0,1962,0,0,0,0,0,0,0,0,0,0,0,0,0,0,0,0,0,0,0,0,0,0,0,0,0,0,0,0,0,0,0,0,0,0,0,0,0,0,0,0,0,0,0,0,0,0,0,0,0,0,0,0,0,0,0,0,0,0,0,0,0,0,0,0,0,0,0,0,0,0,0,0,0,0,0,0,0,0,0,0,0,0,0,0,0,0,0,0,0,0,0,0,0,0,0,0,0,0,2019-09-24 21:41:14.000,2019-09-24 21:41:14.000,-0.076204,1980,1980,,,,,,0,T,99.09,2025-08-26 08:59:12.000,0,0,0,0,0,0,FULL,1019,978,1031,968,"628,636,716","478,477,470,555","286,241,254,240,260,212,245,242","628,185,139,212,180,157,161,158,160",F4MG93.1,"628,343,301,370,338","214,217,211,216,211","320,202,202,209,223,210,188,209,217",
FAB12,F4MG93.1,CP1,18,F4MG93.18,2019-09-24 20:56:53.000,"201939","201909",,,,1980,1962,0,0,0,0,0,3,0,1,0,0,1,0,0,0,0,0,0,0,0,0,0,0,0,13,0,0,0,0,0,0,0,0,0,0,0,0,0,0,0,0,0,0,0,0,0,0,0,0,0,0,0,0,0,0,0,0,0,0,0,0,0,0,0,0,0,0,0,0,0,0,0,0,0,0,0,0,0,0,0,0,0,0,0,0,0,0,0,0,0,0,0,0,0,0,0,0,0,0,0,0,2019-09-24 21:41:14.000,2019-09-24 21:41:14.000,-0.076204,1980,1980,,,,,,1,T,99.09,2025-08-26 08:59:12.000,0,0,0,0,0,0,FULL,1019,978,1031,968,"628,636,716","478,477,470,555","286,241,254,240,260,212,245,242","628,185,139,212,180,157,161,158,160",F4MG93.1,"628,343,301,370,338","214,217,211,216,211","320,202,202,209,223,210,188,209,217",
FAB12,F4MG93.1,CP1,19,F4MG93.19,2019-09-24 23:19:15.000,"201939","201909",,,,1980,1963,0,1963,0,0,0,0,0,0,0,0,0,0,0,0,0,0,0,0,0,0,0,0,0,0,0,0,0,0,0,0,0,0,0,0,0,0,0,0,0,0,0,0,0,0,0,0,0,0,0,0,0,0,0,0,0,0,0,0,0,0,0,0,0,0,0,0,0,0,0,0,0,0,0,0,0,0,0,0,0,0,0,0,0,0,0,0,0,0,0,0,0,0,0,0,0,0,0,0,0,0,2019-09-25 00:41:07.000,2019-09-25 00:41:07.000,-0.078511,1980,1980,,,,,,0,T,99.14,2025-08-26 08:59:12.000,0,0,0,0,0,0,FULL,1019,978,1031,968,"628,636,716","478,477,470,555","286,241,254,240,260,212,245,242","628,185,139,212,180,157,161,158,160",F4MG93.1,"628,343,301,370,338","214,217,211,216,211","320,202,202,209,223,210,188,209,217",
FAB12,F4MG93.1,CP1,19,F4MG93.19,2019-09-24 23:19:15.000,"201939","201909",,,,1980,1963,0,0,0,0,0,3,0,0,0,0,0,0,0,0,0,0,0,0,0,0,0,0,0,13,0,0,1,0,0,0,0,0,0,0,0,0,0,0,0,0,0,0,0,0,0,0,0,0,0,0,0,0,0,0,0,0,0,0,0,0,0,0,0,0,0,0,0,0,0,0,0,0,0,0,0,0,0,0,0,0,0,0,0,0,0,0,0,0,0,0,0,0,0,0,0,0,0,0,0,0,2019-09-25 00:41:07.000,2019-09-25 00:41:07.000,-0.078511,1980,1980,,,,,,1,T,99.14,2025-08-26 08:59:12.000,0,0,0,0,0,0,FULL,1019,978,1031,968,"628,636,716","478,477,470,555","286,241,254,240,260,212,245,242","628,185,139,212,180,157,161,158,160",F4MG93.1,"628,343,301,370,338","214,217,211,216,211","320,202,202,209,223,210,188,209,217",
FAB12,F4MG93.1,CP1,20,F4MG93.20,2019-09-24 08:35:21.000,"201939","201909",,,,1980,1963,0,1963,0,0,0,0,0,0,0,0,0,0,0,0,0,0,0,0,0,0,0,0,0,0,0,0,0,0,0,0,0,0,0,0,0,0,0,0,0,0,0,0,0,0,0,0,0,0,0,0,0,0,0,0,0,0,0,0,0,0,0,0,0,0,0,0,0,0,0,0,0,0,0,0,0,0,0,0,0,0,0,0,0,0,0,0,0,0,0,0,0,0,0,0,0,0,0,0,0,0,2019-09-24 10:41:01.000,2019-09-24 10:41:01.000,-0.078511,1980,1980,,,,,,0,T,99.14,2025-08-26 08:59:12.000,0,0,0,0,0,0,FULL,1019,978,1031,968,"628,636,716","478,477,470,555","286,241,254,240,260,212,245,242","628,185,139,212,180,157,161,158,160",F4MG93.1,"628,343,301,370,338","214,217,211,216,211","320,202,202,209,223,210,188,209,217",
FAB12,F4MG93.1,CP1,20,F4MG93.20,2019-09-24 08:35:21.000,"201939","201909",,,,1980,1963,0,0,0,0,0,7,0,0,1,0,0,0,0,0,0,0,0,0,0,0,0,0,0,9,0,0,0,0,0,0,0,0,0,0,0,0,0,0,0,0,0,0,0,0,0,0,0,0,0,0,0,0,0,0,0,0,0,0,0,0,0,0,0,0,0,0,0,0,0,0,0,0,0,0,0,0,0,0,0,0,0,0,0,0,0,0,0,0,0,0,0,0,0,0,0,0,0,0,0,0,2019-09-24 10:41:01.000,2019-09-24 10:41:01.000,-0.078511,1980,1980,,,,,,1,T,99.14,2025-08-26 08:59:12.000,0,0,0,0,0,0,FULL,1019,978,1031,968,"628,636,716","478,477,470,555","286,241,254,240,260,212,245,242","628,185,139,212,180,157,161,158,160",F4MG93.1,"628,343,301,370,338","214,217,211,216,211","320,202,202,209,223,210,188,209,217",
FAB12,F4MG93.1,CP1,21,F4MG93.21,2019-09-24 09:50:55.000,"201939","201909",,,,1980,1964,0,1964,0,0,0,0,0,0,0,0,0,0,0,0,0,0,0,0,0,0,0,0,0,0,0,0,0,0,0,0,0,0,0,0,0,0,0,0,0,0,0,0,0,0,0,0,0,0,0,0,0,0,0,0,0,0,0,0,0,0,0,0,0,0,0,0,0,0,0,0,0,0,0,0,0,0,0,0,0,0,0,0,0,0,0,0,0,0,0,0,0,0,0,0,0,0,0,0,0,0,2019-09-24 11:41:12.000,2019-09-24 11:41:12.000,-0.080817,1980,1980,,,,,,0,T,99.19,2025-08-26 08:59:12.000,0,0,0,0,0,0,FULL,1019,978,1031,968,"628,636,716","478,477,470,555","286,241,254,240,260,212,245,242","628,185,139,212,180,157,161,158,160",F4MG93.1,"628,343,301,370,338","214,217,211,216,211","320,202,202,209,223,210,188,209,217",
FAB12,FFR123.1,CP1,1,FFR123.01,2025-02-12 00:09:23.000,"202507","202502",,,,2509,2454,0,2454,0,2,0,0,1,0,1,1,0,0,0,0,0,0,0,0,0,0,0,0,0,0,0,0,0,0,0,0,5,0,0,0,0,0,0,0,0,0,0,0,0,0,0,0,0,0,0,0,0,0,0,0,0,0,0,0,0,0,0,0,0,0,0,0,0,0,0,0,0,0,0,0,0,0,0,0,0,0,0,0,0,0,0,0,0,0,0,0,0,0,0,0,0,0,0,0,0,0,2025-02-12 14:07:38.000,2025-02-12 14:07:38.000,-0.14913,2464,2509,,,,,,0,T,99.59,2025-02-12 14:07:38.000,0,0,0,0,0,0,SAMPLING,1063,1006,996,943,"799,786,879","599,594,584,687","337,284,319,298,324,276,318,308","799,227,197,249,206,197,196,197,196",FFR123.1,"799,421,396,443,405","259,268,258,268,258","391,252,259,267,264,261,248,265,257",99.59
FAB12,FFR123.1,CP1,2,FFR123.02,2025-02-12 01:51:53.000,"202507","202502",,,,2509,2445,0,2445,0,3,0,0,6,2,1,1,1,0,0,0,0,0,0,0,0,0,0,0,0,0,0,0,0,0,0,0,5,0,0,0,0,0,0,0,0,0,0,0,0,0,0,0,0,0,0,0,0,0,0,0,0,0,0,0,0,0,0,0,0,0,0,0,0,0,0,0,0,0,0,0,0,0,0,0,0,0,0,0,0,0,0,0,0,0,0,0,0,0,0,0,0,0,0,0,0,0,2025-02-12 17:52:41.000,2025-02-12 17:52:41.000,-0.129935,2464,2509,,,,,,0,T,99.23,2025-02-12 17:52:41.000,0,0,0,0,0,0,SAMPLING,1063,1006,996,943,"799,786,879","599,594,584,687","337,284,319,298,324,276,318,308","799,227,197,249,206,197,196,197,196",FFR123.1,"799,421,396,443,405","259,268,258,268,258","391,252,259,267,264,261,248,265,257",99.23
FAB12,FFR123.1,CP1,3,FFR123.03,2025-02-12 02:57:23.000,"202507","202502",,,,2509,2446,0,2446,0,2,0,0,2,5,3,0,0,0,0,0,0,0,0,0,0,0,0,0,0,0,0,0,0,0,0,0,6,0,0,0,0,0,0,0,0,0,0,0,0,0,0,0,0,0,0,0,0,0,0,0,0,0,0,0,0,0,0,0,0,0,0,0,0,0,0,0,0,0,0,0,0,0,0,0,0,0,0,0,0,0,0,0,0,0,0,0,0,0,0,0,0,0,0,0,0,0,2025-02-12 17:52:43.000,2025-02-12 17:52:43.000,-0.132072,2464,2509,,,,,,0,T,99.27,2025-02-12 17:52:43.000,0,0,0,0,0,0,SAMPLING,1063,1006,996,943,"799,786,879","599,594,584,687","337,284,319,298,324,276,318,308","799,227,197,249,206,197,196,197,196",FFR123.1,"799,421,396,443,405","259,268,258,268,258","391,252,259,267,264,261,248,265,257",99.27
FAB12,FFR123.1,CP1,4,FFR123.04,2025-02-12 04:15:11.000,"202507","202502",,,,2509,2447,0,2447,0,2,0,0,3,3,2,2,2,0,0,0,0,0,0,0,0,0,0,0,0,0,0,0,0,0,0,0,3,0,0,0,0,0,0,0,0,0,0,0,0,0,0,0,0,0,0,0,0,0,0,0,0,0,0,0,0,0,0,0,0,0,0,0,0,0,0,0,0,0,0,0,0,0,0,0,0,0,0,0,0,0,0,0,0,0,0,0,0,0,0,0,0,0,0,0,0,0,2025-02-12 17:52:45.000,2025-02-12 17:52:45.000,-0.134207,2464,2509,,,,,,0,T,99.31,2025-02-12 17:52:45.000,0,0,0,0,0,0,SAMPLING,1063,1006,996,943,"799,786,879","599,594,584,687","337,284,319,298,324,276,318,308","799,227,197,249,206,197,196,197,196",FFR123.1,"799,421,396,443,405","259,268,258,268,258","391,252,259,267,264,261,248,265,257",99.31
FAB12,FFR123.1,CP1,5,FFR123.05,2025-02-12 05:20:48.000,"202507","202502",,,,2509,2448,0,2448,0,1,0,0,1,4,3,0,0,0,0,0,0,0,0,0,0,0,0,0,0,0,0,0,0,0,0,0,7,0,0,0,0,0,0,0,0,0,0,0,0,0,0,0,0,0,0,0,0,0,0,0,0,0,0,0,0,0,0,0,0,0,0,0,0,0,0,0,0,0,0,0,0,0,0,0,0,0,0,0,0,0,0,0,0,0,0,0,0,0,0,0,0,0,0,0,0,0,2025-02-12 17:52:46.000,2025-02-12 17:52:46.000,-0.136342,2464,2509,,,,,,0,T,99.35,2025-02-12 17:52:46.000,0,0,0,0,0,0,SAMPLING,1063,1006,996,943,"799,786,879","599,594,584,687","337,284,319,298,324,276,318,308","799,227,197,249,206,197,196,197,196",FFR123.1,"799,421,396,443,405","259,268,258,268,258","391,252,259,267,264,261,248,265,257",99.35
FAB12,FFR123.1,CP1,6,FFR123.06,2025-02-12 06:23:22.000,"202507","202502",,,,2509,2457,0,2457,0,3,0,0,1,1,1,0,0,0,0,0,0,0,0,0,0,0,0,0,0,0,0,0,0,0,0,0,1,0,0,0,0,0,0,0,0,0,0,0,0,0,0,0,0,0,0,0,0,0,0,0,0,0,0,0,0,0,0,0,0,0,0,0,0,0,0,0,0,0,0,0,0,0,0,0,0,0,0,0,0,0,0,0,0,0,0,0,0,0,0,0,0,0,0,0,0,0,2025-02-12 21:43:16.000,2025-02-12 21:43:16.000,-0.156043,2464,2509,,,,,,0,T,99.72,2025-02-12 21:43:16.000,0,0,0,0,0,0,SAMPLING,1063,1006,996,943,"799,786,879","599,594,584,687","337,284,319,298,324,276,318,308","799,227,197,249,206,197,196,197,196",FFR123.1,"799,421,396,443,405","259,268,258,268,258","391,252,259,267,264,261,248,265,257",99.72
FAB12,FFR123.1,CP1,7,FFR123.07,2025-02-12 07:31:47.000,"202507","202502",,,,2509,2444,0,2444,0,6,0,0,1,0,2,0,0,0,0,0,0,0,0,0,0,0,0,0,0,0,0,0,0,0,0,0,11,0,0,0,0,0,0,0,0,0,0,0,0,0,0,0,0,0,0,0,0,0,0,0,0,0,0,0,0,0,0,0,0,0,0,0,0,0,0,0,0,0,0,0,0,0,0,0,0,0,0,0,0,0,0,0,0,0,0,0,0,0,0,0,0,0,0,0,0,0,2025-02-12 21:43:18.000,2025-02-12 21:43:18.000,-0.127798,2464,2509,,,,,,0,T,99.19,2025-02-12 21:43:18.000,0,0,0,0,0,0,SAMPLING,1063,1006,996,943,"799,786,879","599,594,584,687","337,284,319,298,324,276,318,308","799,227,197,249,206,197,196,197,196",FFR123.1,"799,421,396,443,405","259,268,258,268,258","391,252,259,267,264,261,248,265,257",99.19
FAB12,FFR123.1,CP1,8,FFR123.08,2025-02-12 08:33:35.000,"202507","202502",,,,2509,2454,0,2454,0,3,0,0,2,2,0,0,0,0,0,0,0,0,0,0,0,0,0,0,0,0,0,0,0,0,0,0,3,0,0,0,0,0,0,0,0,0,0,0,0,0,0,0,0,0,0,0,0,0,0,0,0,0,0,0,0,0,0,0,0,0,0,0,0,0,0,0,0,0,0,0,0,0,0,0,0,0,0,0,0,0,0,0,0,0,0,0,0,0,0,0,0,0,0,0,0,0,2025-02-12 21:43:20.000,2025-02-12 21:43:20.000,-0.14913,2464,2509,,,,,,0,T,99.59,2025-02-12 21:43:20.000,0,0,0,0,0,0,SAMPLING,1063,1006,996,943,"799,786,879","599,594,584,687","337,284,319,298,324,276,318,308","799,227,197,249,206,197,196,197,196",FFR123.1,"799,421,396,443,405","259,268,258,268,258","391,252,259,267,264,261,248,265,257",99.59
FAB12,FFR123.1,CP1,9,FFR123.09,2025-02-12 10:23:45.000,"202507","202502",,,,2509,2437,0,2437,0,6,0,0,1,6,4,1,2,0,0,0,0,0,0,0,0,0,0,0,0,0,0,0,0,0,0,0,7,0,0,0,0,0,0,0,0,0,0,0,0,0,0,0,0,0,0,0,0,0,0,0,0,0,0,0,0,0,0,0,0,0,0,0,0,0,0,0,0,0,0,0,0,0,0,0,0,0,0,0,0,0,0,0,0,0,0,0,0,0,0,0,0,0,0,0,0,0,2025-02-13 02:12:29.000,2025-02-13 02:12:29.000,-0.112273,2464,2509,,,,,,0,T,98.9,2025-02-13 02:12:29.000,0,0,0,0,0,0,SAMPLING,1063,1006,996,943,"799,786,879","599,594,584,687","337,284,319,298,324,276,318,308","799,227,197,249,206,197,196,197,196",FFR123.1,"799,421,396,443,405","259,268,258,268,258","391,252,259,267,264,261,248,265,257",98.9
FAB12,FFR123.1,CP1,10,FFR123.10,2025-02-12 12:00:10.000,"202507","202502",,,,2509,2456,0,2456,0,0,0,0,3,0,1,0,0,0,0,0,0,0,0,0,0,0,0,0,0,0,0,0,0,0,0,0,4,0,0,0,0,0,0,0,0,0,0,0,0,0,0,0,0,0,0,0,0,0,0,0,0,0,0,0,0,0,0,0,0,0,0,0,0,0,0,0,0,0,0,0,0,0,0,0,0,0,0,0,0,0,0,0,0,0,0,0,0,0,0,0,0,0,0,0,0,0,2025-02-13 02:12:36.000,2025-02-13 02:12:36.000,-0.153917,2464,2509,,,,,,0,T,99.68,2025-02-13 02:12:36.000,0,0,0,0,0,0,SAMPLING,1063,1006,996,943,"799,786,879","599,594,584,687","337,284,319,298,324,276,318,308","799,227,197,249,206,197,196,197,196",FFR123.1,"799,421,396,443,405","259,268,258,268,258","391,252,259,267,264,261,248,265,257",99.68
FAB12,FFR123.1,CP1,11,FFR123.11,2025-02-12 13:28:25.000,"202507","202502",,,,2509,2443,0,2443,0,2,0,0,3,1,2,1,0,0,0,0,0,0,0,0,0,0,0,0,0,0,0,0,0,0,0,0,12,0,0,0,0,0,0,0,0,0,0,0,0,0,0,0,0,0,0,0,0,0,0,0,0,0,0,0,0,0,0,0,0,0,0,0,0,0,0,0,0,0,0,0,0,0,0,0,0,0,0,0,0,0,0,0,0,0,0,0,0,0,0,0,0,0,0,0,0,0,2025-02-13 05:11:16.000,2025-02-13 05:11:16.000,-0.125659,2464,2509,,,,,,0,T,99.15,2025-02-13 05:11:16.000,0,0,0,0,0,0,SAMPLING,1063,1006,996,943,"799,786,879","599,594,584,687","337,284,319,298,324,276,318,308","799,227,197,249,206,197,196,197,196",FFR123.1,"799,421,396,443,405","259,268,258,268,258","391,252,259,267,264,261,248,265,257",99.15
FAB12,FFR123.1,CP1,12,FFR123.12,2025-02-12 14:50:23.000,"202507","202502",,,,2509,2446,0,2446,0,1,0,0,1,5,3,3,0,0,0,0,0,0,0,0,0,0,0,0,0,0,0,0,0,0,0,0,5,0,0,0,0,0,0,0,0,0,0,0,0,0,0,0,0,0,0,0,0,0,0,0,0,0,0,0,0,0,0,0,0,0,0,0,0,0,0,0,0,0,0,0,0,0,0,0,0,0,0,0,0,0,0,0,0,0,0,0,0,0,0,0,0,0,0,0,0,0,2025-02-13 05:11:32.000,2025-02-13 05:11:32.000,-0.132072,2464,2509,,,,,,0,T,99.27,2025-02-13 05:11:32.000,0,0,0,0,0,0,SAMPLING,1063,1006,996,943,"799,786,879","599,594,584,687","337,284,319,298,324,276,318,308","799,227,197,249,206,197,196,197,196",FFR123.1,"799,421,396,443,405","259,268,258,268,258","391,252,259,267,264,261,248,265,257",99.27
FAB12,FFR123.1,CP1,13,FFR123.13,2025-02-12 15:53:07.000,"202507","202502",,,,2509,2445,0,2445,0,3,0,0,2,0,2,1,4,0,0,0,0,0,0,0,0,0,0,0,0,0,0,0,0,0,0,0,7,0,0,0,0,0,0,0,0,0,0,0,0,0,0,0,0,0,0,0,0,0,0,0,0,0,0,0,0,0,0,0,0,0,0,0,0,0,0,0,0,0,0,0,0,0,0,0,0,0,0,0,0,0,0,0,0,0,0,0,0,0,0,0,0,0,0,0,0,0,2025-02-13 05:11:39.000,2025-02-13 05:11:39.000,-0.129935,2464,2509,,,,,,0,T,99.23,2025-02-13 05:11:39.000,0,0,0,0,0,0,SAMPLING,1063,1006,996,943,"799,786,879","599,594,584,687","337,284,319,298,324,276,318,308","799,227,197,249,206,197,196,197,196",FFR123.1,"799,421,396,443,405","259,268,258,268,258","391,252,259,267,264,261,248,265,257",99.23
FAB12,FFR123.1,CP1,14,FFR123.14,2025-02-12 16:55:03.000,"202507","202502",,,,2509,2453,0,2453,0,4,0,0,0,0,1,0,0,0,0,0,0,0,0,0,0,0,0,0,0,0,0,0,0,0,0,0,6,0,0,0,0,0,0,0,0,0,0,0,0,0,0,0,0,0,0,0,0,0,0,0,0,0,0,0,0,0,0,0,0,0,0,0,0,0,0,0,0,0,0,0,0,0,0,0,0,0,0,0,0,0,0,0,0,0,0,0,0,0,0,0,0,0,0,0,0,0,2025-02-13 05:11:44.000,2025-02-13 05:11:44.000,-0.147001,2464,2509,,,,,,0,T,99.55,2025-02-13 05:11:44.000,0,0,0,0,0,0,SAMPLING,1063,1006,996,943,"799,786,879","599,594,584,687","337,284,319,298,324,276,318,308","799,227,197,249,206,197,196,197,196",FFR123.1,"799,421,396,443,405","259,268,258,268,258","391,252,259,267,264,261,248,265,257",99.55
FAB12,FFR123.1,CP1,15,FFR123.15,2025-02-12 18:06:30.000,"202507","202502",,,,2509,2446,0,2446,0,3,0,0,2,5,2,0,1,0,0,0,0,0,0,0,0,0,0,0,0,0,0,0,0,0,0,0,5,0,0,0,0,0,0,0,0,0,0,0,0,0,0,0,0,0,0,0,0,0,0,0,0,0,0,0,0,0,0,0,0,0,0,0,0,0,0,0,0,0,0,0,0,0,0,0,0,0,0,0,0,0,0,0,0,0,0,0,0,0,0,0,0,0,0,0,0,0,2025-02-13 07:51:48.000,2025-02-13 07:51:48.000,-0.132072,2464,2509,,,,,,0,T,99.27,2025-02-13 07:51:48.000,0,0,0,0,0,0,SAMPLING,1063,1006,996,943,"799,786,879","599,594,584,687","337,284,319,298,324,276,318,308","799,227,197,249,206,197,196,197,196",FFR123.1,"799,421,396,443,405","259,268,258,268,258","391,252,259,267,264,261,248,265,257",99.27
FAB12,FFR123.1,CP1,16,FFR123.16,2025-02-12 19:10:08.000,"202507","202502",,,,2509,2448,0,2448,0,3,0,0,4,4,1,0,1,0,0,0,0,0,0,0,0,0,0,0,0,0,0,0,0,0,0,0,3,0,0,0,0,0,0,0,0,0,0,0,0,0,0,0,0,0,0,0,0,0,0,0,0,0,0,0,0,0,0,0,0,0,0,0,0,0,0,0,0,0,0,0,0,0,0,0,0,0,0,0,0,0,0,0,0,0,0,0,0,0,0,0,0,0,0,0,0,0,2025-02-13 07:51:50.000,2025-02-13 07:51:50.000,-0.136342,2464,2509,,,,,,0,T,99.35,2025-02-13 07:51:50.000,0,0,0,0,0,0,SAMPLING,1063,1006,996,943,"799,786,879","599,594,584,687","337,284,319,298,324,276,318,308","799,227,197,249,206,197,196,197,196",FFR123.1,"799,421,396,443,405","259,268,258,268,258","391,252,259,267,264,261,248,265,257",99.35
FAB12,FFR123.1,CP1,17,FFR123.17,2025-02-12 20:12:02.000,"202507","202502",,,,2509,2453,0,2453,0,4,0,0,1,2,1,1,2,0,0,0,0,0,0,0,0,0,0,0,0,0,0,0,0,0,0,0,0,0,0,0,0,0,0,0,0,0,0,0,0,0,0,0,0,0,0,0,0,0,0,0,0,0,0,0,0,0,0,0,0,0,0,0,0,0,0,0,0,0,0,0,0,0,0,0,0,0,0,0,0,0,0,0,0,0,0,0,0,0,0,0,0,0,0,0,0,0,2025-02-13 07:51:52.000,2025-02-13 07:51:52.000,-0.147001,2464,2509,,,,,,0,T,99.55,2025-02-13 07:51:52.000,0,0,0,0,0,0,SAMPLING,1063,1006,996,943,"799,786,879","599,594,584,687","337,284,319,298,324,276,318,308","799,227,197,249,206,197,196,197,196",FFR123.1,"799,421,396,443,405","259,268,258,268,258","391,252,259,267,264,261,248,265,257",99.55
FAB12,FFR123.1,CP1,18,FFR123.18,2025-02-12 21:12:37.000,"202507","202502",,,,2509,2454,0,2454,0,0,0,0,2,5,1,0,0,0,0,0,0,0,0,0,0,0,0,0,0,0,0,0,0,0,0,0,2,0,0,0,0,0,0,0,0,0,0,0,0,0,0,0,0,0,0,0,0,0,0,0,0,0,0,0,0,0,0,0,0,0,0,0,0,0,0,0,0,0,0,0,0,0,0,0,0,0,0,0,0,0,0,0,0,0,0,0,0,0,0,0,0,0,0,0,0,0,2025-02-13 07:51:54.000,2025-02-13 07:51:54.000,-0.14913,2464,2509,,,,,,0,T,99.59,2025-02-13 07:51:54.000,0,0,0,0,0,0,SAMPLING,1063,1006,996,943,"799,786,879","599,594,584,687","337,284,319,298,324,276,318,308","799,227,197,249,206,197,196,197,196",FFR123.1,"799,421,396,443,405","259,268,258,268,258","391,252,259,267,264,261,248,265,257",99.59
FAB12,FFR123.1,CP1,19,FFR123.19,2025-02-12 22:06:54.000,"202507","202502",,,,2509,2457,0,2457,0,2,0,0,1,1,1,0,1,0,0,0,0,0,0,0,0,0,0,0,0,0,0,0,0,0,0,0,1,0,0,0,0,0,0,0,0,0,0,0,0,0,0,0,0,0,0,0,0,0,0,0,0,0,0,0,0,0,0,0,0,0,0,0,0,0,0,0,0,0,0,0,0,0,0,0,0,0,0,0,0,0,0,0,0,0,0,0,0,0,0,0,0,0,0,0,0,0,2025-02-13 13:53:16.000,2025-02-13 13:53:16.000,-0.156043,2464,2509,,,,,,0,T,99.72,2025-02-13 13:53:16.000,0,0,0,0,0,0,SAMPLING,1063,1006,996,943,"799,786,879","599,594,584,687","337,284,319,298,324,276,318,308","799,227,197,249,206,197,196,197,196",FFR123.1,"799,421,396,443,405","259,268,258,268,258","391,252,259,267,264,261,248,265,257",99.72
FAB12,FFR123.1,CP1,20,FFR123.20,2025-02-12 23:05:50.000,"202507","202502",,,,2509,2454,0,2454,0,1,0,0,4,1,0,1,0,0,0,0,0,0,0,0,0,0,0,0,0,0,0,0,0,0,0,0,3,0,0,0,0,0,0,0,0,0,0,0,0,0,0,0,0,0,0,0,0,0,0,0,0,0,0,0,0,0,0,0,0,0,0,0,0,0,0,0,0,0,0,0,0,0,0,0,0,0,0,0,0,0,0,0,0,0,0,0,0,0,0,0,0,0,0,0,0,0,2025-02-13 13:53:18.000,2025-02-13 13:53:18.000,-0.14913,2464,2509,,,,,,0,T,99.59,2025-02-13 13:53:18.000,0,0,0,0,0,0,SAMPLING,1063,1006,996,943,"799,786,879","599,594,584,687","337,284,319,298,324,276,318,308","799,227,197,249,206,197,196,197,196",FFR123.1,"799,421,396,443,405","259,268,258,268,258","391,252,259,267,264,261,248,265,257",99.59
FAB12,FFR123.1,CP1,21,FFR123.21,2025-02-12 23:59:39.000,"202507","202502",,,,2509,2455,0,2455,0,2,0,0,0,3,1,0,1,0,0,0,0,0,0,0,0,0,0,0,0,0,0,0,0,0,0,0,2,0,0,0,0,0,0,0,0,0,0,0,0,0,0,0,0,0,0,0,0,0,0,0,0,0,0,0,0,0,0,0,0,0,0,0,0,0,0,0,0,0,0,0,0,0,0,0,0,0,0,0,0,0,0,0,0,0,0,0,0,0,0,0,0,0,0,0,0,0,2025-02-13 13:53:20.000,2025-02-13 13:53:20.000,-0.151259,2464,2509,,,,,,0,T,99.63,2025-02-13 13:53:20.000,0,0,0,0,0,0,SAMPLING,1063,1006,996,943,"799,786,879","599,594,584,687","337,284,319,298,324,276,318,308","799,227,197,249,206,197,196,197,196",FFR123.1,"799,421,396,443,405","259,268,258,268,258","391,252,259,267,264,261,248,265,257",99.63
FAB12,FFR123.1,CP1,22,FFR123.22,2025-02-13 01:19:17.000,"202507","202502",,,,2509,2421,0,2421,0,14,0,0,17,1,3,0,0,0,0,0,0,0,0,0,0,0,0,0,0,0,0,0,0,0,0,0,8,0,0,0,0,0,0,0,0,0,0,0,0,0,0,0,0,0,0,0,0,0,0,0,0,0,0,0,0,0,0,0,0,0,0,0,0,0,0,0,0,0,0,0,0,0,0,0,0,0,0,0,0,0,0,0,0,0,0,0,0,0,0,0,0,0,0,0,0,0,2025-02-13 16:53:10.000,2025-02-13 16:53:10.000,-0.077295,2464,2509,,,,,,0,T,98.25,2025-02-13 16:53:10.000,0,0,0,0,0,0,SAMPLING,1063,1006,996,943,"799,786,879","599,594,584,687","337,284,319,298,324,276,318,308","799,227,197,249,206,197,196,197,196",FFR123.1,"799,421,396,443,405","259,268,258,268,258","391,252,259,267,264,261,248,265,257",98.25
FAB12,FFR123.1,CP1,23,FFR123.23,2025-02-13 02:10:41.000,"202507","202502",,,,2509,2448,0,2448,0,4,0,0,5,3,2,0,2,0,0,0,0,0,0,0,0,0,0,0,0,0,0,0,0,0,0,0,0,0,0,0,0,0,0,0,0,0,0,0,0,0,0,0,0,0,0,0,0,0,0,0,0,0,0,0,0,0,0,0,0,0,0,0,0,0,0,0,0,0,0,0,0,0,0,0,0,0,0,0,0,0,0,0,0,0,0,0,0,0,0,0,0,0,0,0,0,0,2025-02-13 16:53:12.000,2025-02-13 16:53:12.000,-0.136342,2464,2509,,,,,,0,T,99.35,2025-02-13 16:53:12.000,0,0,0,0,0,0,SAMPLING,1063,1006,996,943,"799,786,879","599,594,584,687","337,284,319,298,324,276,318,308","799,227,197,249,206,197,196,197,196",FFR123.1,"799,421,396,443,405","259,268,258,268,258","391,252,259,267,264,261,248,265,257",99.35
FAB12,FFR123.1,CP1,24,FFR123.24,2025-02-13 03:14:37.000,"202507","202502",,,,2509,2453,0,2453,0,2,0,0,1,1,1,1,3,0,0,0,0,0,0,0,0,0,0,0,0,0,0,0,0,0,0,0,2,0,0,0,0,0,0,0,0,0,0,0,0,0,0,0,0,0,0,0,0,0,0,0,0,0,0,0,0,0,0,0,0,0,0,0,0,0,0,0,0,0,0,0,0,0,0,0,0,0,0,0,0,0,0,0,0,0,0,0,0,0,0,0,0,0,0,0,0,0,2025-02-13 16:53:14.000,2025-02-13 16:53:14.000,-0.147001,2464,2509,,,,,,0,T,99.55,2025-02-13 16:53:14.000,0,0,0,0,0,0,SAMPLING,1063,1006,996,943,"799,786,879","599,594,584,687","337,284,319,298,324,276,318,308","799,227,197,249,206,197,196,197,196",FFR123.1,"799,421,396,443,405","259,268,258,268,258","391,252,259,267,264,261,248,265,257",99.55
FAB12,FFR123.1,CP1,25,FFR123.25,2025-02-13 04:51:27.000,"202507","202502",,,,2509,2442,0,2442,0,2,0,0,9,2,2,1,2,0,0,0,0,0,0,0,0,0,0,0,0,0,0,0,0,0,0,0,4,0,0,0,0,0,0,0,0,0,0,0,0,0,0,0,0,0,0,0,0,0,0,0,0,0,0,0,0,0,0,0,0,0,0,0,0,0,0,0,0,0,0,0,0,0,0,0,0,0,0,0,0,0,0,0,0,0,0,0,0,0,0,0,0,0,0,0,0,0,2025-02-13 16:53:15.000,2025-02-13 16:53:15.000,-0.12352,2464,2509,,,,,,0,T,99.11,2025-02-13 16:53:15.000,0,0,0,0,0,0,SAMPLING,1063,1006,996,943,"799,786,879","599,594,584,687","337,284,319,298,324,276,318,308","799,227,197,249,206,197,196,197,196",FFR123.1,"799,421,396,443,405","259,268,258,268,258","391,252,259,267,264,261,248,265,257",99.11
FAB12,F4MG93.1,CP1,1,F4MG93.01,2019-09-23 19:17:11.000,"201939","201909",,,,1980,1972,0,1972,0,0,0,0,0,0,0,0,0,0,0,0,0,0,0,0,0,0,0,0,0,0,0,0,0,0,0,0,0,0,0,0,0,0,0,0,0,0,0,0,0,0,0,0,0,0,0,0,0,0,0,0,0,0,0,0,0,0,0,0,0,0,0,0,0,0,0,0,0,0,0,0,0,0,0,0,0,0,0,0,0,0,0,0,0,0,0,0,0,0,0,0,0,0,0,0,0,0,2019-09-23 21:41:02.000,2019-09-23 21:41:02.000,-0.099679,1980,1980,,,,,,0,T,99.6,2025-08-26 08:59:12.000,0,0,0,0,0,0,FULL,1019,978,1031,968,"628,636,716","478,477,470,555","286,241,254,240,260,212,245,242","628,185,139,212,180,157,161,158,160",F4MG93.1,"628,343,301,370,338","214,217,211,216,211","320,202,202,209,223,210,188,209,217",
FAB12,M123456.00,CP1,15,M123456.15,2025-09-28 14:59:59.000,"202540","202509",,,,684699,682350,0,682334,0,0,0,1046,0,0,0,0,0,625,276,6,0,263,0,3,0,0,96,0,31,0,0,0,0,3,0,16,0,0,0,0,0,0,0,0,0,0,0,0,0,0,0,0,0,0,0,0,0,0,0,0,0,0,0,0,0,0,0,0,0,0,0,0,0,0,0,0,0,0,0,0,0,0,0,0,0,0,0,0,0,0,0,0,0,0,0,0,0,0,0,0,0,0,0,0,0,0,2025-11-25 21:20:34.000,2025-11-25 21:20:34.000,-1,684699,684699,,,,,,0,T,99.66,2025-11-25 21:20:34.000,0,0,0,0,0,0,FULL,1091,12,818,9,"226177,226160,232362","169748,169605,169715,175631","87259,85688,85099,84751,84884,84274,85914,86830","226177,56536,57147,60957,57722,56569,56504,56558,56529",M123456.00,"226177,113027,113740,117445,114310","75531,75550,60710,75564,60709","112933,54278,91111,55719,91503,68824,68615,70746,70970",99.66
FAB12,M123456.00,CP1,14,M123456.14,2025-09-28 11:32:41.000,"202540","202509",,,,684699,680445,0,680428,0,0,0,1097,0,0,0,0,0,469,279,44,0,256,0,1883,0,0,183,0,40,0,0,0,0,3,0,17,0,0,0,0,0,0,0,0,0,0,0,0,0,0,0,0,0,0,0,0,0,0,0,0,0,0,0,0,0,0,0,0,0,0,0,0,0,0,0,0,0,0,0,0,0,0,0,0,0,0,0,0,0,0,0,0,0,0,0,0,0,0,0,0,0,0,0,0,0,0,2025-11-25 19:07:16.000,2025-11-25 19:07:16.000,-1,684699,684699,,,,,,0,T,99.38,2025-11-25 19:07:16.000,0,0,0,0,0,0,FULL,1091,12,818,9,"226177,226160,232362","169748,169605,169715,175631","87259,85688,85099,84751,84884,84274,85914,86830","226177,56536,57147,60957,57722,56569,56504,56558,56529",M123456.00,"226177,113027,113740,117445,114310","75531,75550,60710,75564,60709","112933,54278,91111,55719,91503,68824,68615,70746,70970",99.38
FAB12,P9YG54.00,CP2,13,p9yg54-13,2025-09-28 08:02:36.000,"202540","202509",,,,684699,679346,0,679346,0,0,0,3197,0,0,0,0,0,780,386,227,0,225,0,3,0,1,337,0,136,0,0,0,0,44,0,17,0,0,0,0,0,0,0,0,0,0,0,0,0,0,0,0,0,0,0,0,0,0,0,0,0,0,0,0,0,0,0,0,0,0,0,0,0,0,0,0,0,0,0,0,0,0,0,0,0,0,0,0,0,0,0,0,0,0,0,0,0,0,0,0,0,0,0,0,0,0,2026-06-16 03:25:32.000,2026-06-16 03:25:32.000,0,684699,679346,,,,,,0,T,99.2182,2026-06-16 03:25:32.000,0,0,0,0,0,0,CP,1091,12,818,9,,,,,P9YG54.00,,,,
FAB12,P9XP47.00,CP3,3,P9XP47.03,2025-10-22 03:01:28.000,"202543","202510",,,,684699,4978,0,4978,0,0,0,2,0,6,0,0,11,0,0,6,5,0,0,0,0,0,1,3,6,2,153,0,0,1,0,0,0,0,0,0,47,6,0,0,0,0,0,0,0,0,0,0,0,0,0,0,0,0,2,0,0,0,0,0,0,0,0,0,0,29,0,0,0,0,0,0,0,0,0,0,0,0,0,0,0,0,0,0,0,0,0,0,0,0,0,0,0,0,0,0,0,0,0,0,0,0,2026-05-06 09:30:02.000,2026-05-08 16:05:11.000,-1,5258,684699,,,,,,0,T,94.67,2026-05-08 16:05:11.000,0,0,0,0,0,0,SAMPLING,1100,1003,1070,1002,"1724,1736,1798","1294,1306,1278,1380","717,667,651,620,646,619,663,675","1724,402,416,528,452,430,438,430,438",P9XP47.00,"1724,834,852,960,888","578,579,420,579,420","864,380,729,424,756,510,487,555,553",94.67
FAB12,A12345.1,CP3,1,A12345.01,2005-05-16 22:38:00.000,"200521","200505",,,,1748,54,0,54,0,0,0,0,0,0,6,0,2,0,0,0,0,0,0,0,0,0,0,0,0,2,2,0,44,0,71,0,0,0,0,0,0,0,0,0,0,0,0,0,0,0,0,0,0,0,0,0,0,0,0,0,0,0,0,0,0,0,0,0,0,0,0,0,0,0,0,0,0,0,0,0,0,0,0,0,0,0,0,0,0,0,0,0,0,0,0,0,0,0,0,0,0,0,0,0,0,0,2025-06-26 11:09:01.000,2025-11-25 13:09:43.000,-1,181,1748,,,,,,0,T,29.83,2025-11-25 13:09:43.000,0,0,0,0,0,0,SAMPLING,1005,982,1000,991,"56,52,73","42,40,34,65","35,16,22,16,23,14,28,27","56,12,15,34,12,14,12,14,12",A12345.1,"56,25,28,47,25","17,17,13,17,13","22,11,27,18,27,12,16,24,24",29.83
FAB12,M123456.00,CP1,16,M123456.16,2025-09-28 18:30:04.000,"202540","202509",,,,684699,682817,0,682813,0,0,0,992,0,0,0,0,0,238,310,6,0,252,0,9,0,1,48,0,9,0,0,0,0,17,0,4,0,0,0,0,0,0,0,0,0,0,0,0,0,0,0,0,0,0,0,0,0,0,0,0,0,0,0,0,0,0,0,0,0,0,0,0,0,0,0,0,0,0,0,0,0,0,0,0,0,0,0,0,0,0,0,0,0,0,0,0,0,0,0,0,0,0,0,0,0,0,2025-11-26 08:36:20.000,2025-11-26 08:36:20.000,-1,684699,684699,,,,,,0,T,99.73,2025-11-26 08:36:20.000,0,0,0,0,0,0,FULL,1091,12,818,9,"226177,226160,232362","169748,169605,169715,175631","87259,85688,85099,84751,84884,84274,85914,86830","226177,56536,57147,60957,57722,56569,56504,56558,56529",M123456.00,"226177,113027,113740,117445,114310","75531,75550,60710,75564,60709","112933,54278,91111,55719,91503,68824,68615,70746,70970",99.73
FAB12,M123456.00,CP1,18,M123456.18,2025-09-28 22:02:48.000,"202540","202509",,,,684699,681693,0,681690,0,0,0,1701,0,0,0,0,0,391,234,56,0,372,0,9,0,0,184,0,34,0,0,0,0,25,0,3,0,0,0,0,0,0,0,0,0,0,0,0,0,0,0,0,0,0,0,0,0,0,0,0,0,0,0,0,0,0,0,0,0,0,0,0,0,0,0,0,0,0,0,0,0,0,0,0,0,0,0,0,0,0,0,0,0,0,0,0,0,0,0,0,0,0,0,0,0,0,2025-11-26 10:53:05.000,2025-11-26 10:53:05.000,-1,684699,684699,,,,,,0,T,99.56,2025-11-26 10:53:05.000,0,0,0,0,0,0,FULL,1091,12,818,9,"226177,226160,232362","169748,169605,169715,175631","87259,85688,85099,84751,84884,84274,85914,86830","226177,56536,57147,60957,57722,56569,56504,56558,56529",M123456.00,"226177,113027,113740,117445,114310","75531,75550,60710,75564,60709","112933,54278,91111,55719,91503,68824,68615,70746,70970",99.56
FAB12,P9XP47.00,CP3,1,P9XP47.01,2025-10-22 03:01:28.000,"202543","202510",,,,684699,4978,0,4978,0,0,0,2,0,6,0,0,11,0,0,6,5,0,0,0,0,0,1,3,6,2,153,0,0,1,0,0,0,0,0,0,47,6,0,0,0,0,0,0,0,0,0,0,0,0,0,0,0,0,2,0,0,0,0,0,0,0,0,0,0,29,0,0,0,0,0,0,0,0,0,0,0,0,0,0,0,0,0,0,0,0,0,0,0,0,0,0,0,0,0,0,0,0,0,0,0,0,2026-03-12 13:35:34.000,2026-05-06 09:29:38.000,-1,5258,684699,,,,,,0,T,94.67,2026-05-06 09:29:38.000,0,0,0,0,0,0,SAMPLING,1100,1003,1070,1002,"1724,1736,1798","1294,1306,1278,1380","717,667,651,620,646,619,663,675","1724,402,416,528,452,430,438,430,438",P9XP47.00,"1724,834,852,960,888","578,579,420,579,420","864,380,729,424,756,510,487,555,553",94.67
FAB12,M123456.00,CP3,1,M123456.01,2005-05-16 22:38:00.000,"200521","200505",,,,1748,54,0,54,0,0,0,0,0,0,6,0,2,0,0,0,0,0,0,0,0,0,0,0,0,2,2,0,44,0,71,0,0,0,0,0,0,0,0,0,0,0,0,0,0,0,0,0,0,0,0,0,0,0,0,0,0,0,0,0,0,0,0,0,0,0,0,0,0,0,0,0,0,0,0,0,0,0,0,0,0,0,0,0,0,0,0,0,0,0,0,0,0,0,0,0,0,0,0,0,0,0,2025-06-26 11:09:01.000,2025-06-26 13:42:40.000,-1,181,1748,,,,,,0,T,29.83,2025-06-26 13:42:40.000,0,0,0,0,0,0,SAMPLING,1005,982,1000,991,"56,52,73","42,40,34,65","35,16,22,16,23,14,28,27","56,12,15,34,12,14,12,14,12",A12345.1,"56,25,28,47,25","17,17,7,17,7","22,7,38,12,35,11,14,20,22",29.83
FAB12,M900011,CP2,7,M900011-10E7,2026-06-22 02:36:48.000,"202626","202606",,,,684699,678543,0,678543,0,0,0,2422,0,0,0,0,0,0,22,420,0,3006,0,0,0,7,205,0,24,0,0,0,0,43,0,7,0,0,0,0,0,0,0,0,0,0,0,0,0,0,0,0,0,0,0,0,0,0,0,0,0,0,0,0,0,0,0,0,0,0,0,0,0,0,0,0,0,0,0,0,0,0,0,0,0,0,0,0,0,0,0,0,0,0,0,0,0,0,0,0,0,0,0,0,0,0,2026-06-22 02:36:48.000,2026-06-22 02:36:48.000,0,684699,678543,,,,,,0,T,99.1009,2026-06-22 02:36:48.000,0,0,0,0,0,0,CP,1091,12,818,9,,,,,M900011,,,,
FAB12,M123456.00,CP1,1,M123456.01,2025-09-26 23:30:43.000,"202539","202509",,,,684699,681566,0,681563,0,0,0,1509,0,0,0,0,0,590,405,13,0,374,0,5,0,1,203,0,19,0,0,0,0,14,0,3,0,0,0,0,0,0,0,0,0,0,0,0,0,0,0,0,0,0,0,0,0,0,0,0,0,0,0,0,0,0,0,0,0,0,0,0,0,0,0,0,0,0,0,0,0,0,0,0,0,0,0,0,0,0,0,0,0,0,0,0,0,0,0,0,0,0,0,0,0,0,2025-11-21 11:55:28.000,2025-11-24 11:41:53.000,-1,684699,684699,,,,,,0,T,99.54,2025-11-24 11:41:53.000,0,0,0,0,0,0,FULL,1091,12,818,9,"226177,226160,232362","169748,169605,169715,175631","87259,85688,85099,84751,84884,84274,85914,86830","226177,56536,57147,60957,57722,56569,56504,56558,56529",M123456.00,"226177,113027,113740,117445,114310","75531,75550,60710,75564,60709","112933,54278,91111,55719,91503,68824,68615,70746,70970",99.54
FAB12,M123456.00,CP1,3,M123456.03,2025-09-27 03:13:38.000,"202539","202509",,,,684699,620866,0,620806,0,0,0,30557,0,0,0,0,0,335,11,15,0,504,0,556,0,7,990,0,556,0,0,0,0,12,0,60,0,0,0,0,0,0,0,0,0,0,0,0,0,0,0,0,0,0,0,0,0,0,0,0,0,0,0,0,0,0,0,0,0,0,0,0,0,0,0,0,0,0,0,0,0,0,0,0,0,0,0,0,0,0,0,0,0,0,0,0,0,0,0,0,0,0,0,0,0,0,2025-11-21 14:01:38.000,2025-11-24 13:47:55.000,-1,654409,684699,,,,,,0,T,94.87,2025-11-24 13:47:55.000,0,0,0,0,0,0,SAMPLING,1091,12,773,9,"213498,213800,227111","160266,160201,160277,173665","90808,85934,78209,79263,79389,77930,85643,77233","213498,51844,56737,61227,57303,53365,53423,53469,53543",M123456.00,"213498,105278,110168,114727,110738","71211,71336,53865,68148,53868","106787,48490,90899,44825,91316,62809,62633,69438,77212",94.87
FAB12,M123456.00,CP1,4,M123456.04,2025-09-27 06:45:46.000,"202539","202509",,,,684699,682820,0,682818,0,0,0,850,0,0,0,0,0,334,235,34,0,319,0,17,0,1,77,0,8,0,0,0,0,4,0,2,0,0,0,0,0,0,0,0,0,0,0,0,0,0,0,0,0,0,0,0,0,0,0,0,0,0,0,0,0,0,0,0,0,0,0,0,0,0,0,0,0,0,0,0,0,0,0,0,0,0,0,0,0,0,0,0,0,0,0,0,0,0,0,0,0,0,0,0,0,0,2025-11-21 15:59:27.000,2025-11-24 15:55:27.000,-1,684699,684699,,,,,,0,T,99.73,2025-11-24 15:55:27.000,0,0,0,0,0,0,FULL,1091,12,818,9,"226177,226160,232362","169748,169605,169715,175631","87259,85688,85099,84751,84884,84274,85914,86830","226177,56536,57147,60957,57722,56569,56504,56558,56529",M123456.00,"226177,113027,113740,117445,114310","75531,75550,60710,75564,60709","112933,54278,91111,55719,91503,68824,68615,70746,70970",99.73
FAB12,M123456.00,CP1,5,M123456.05,2025-09-27 10:29:02.000,"202539","202509",,,,684699,681396,0,681385,0,0,0,1874,0,0,0,0,0,495,307,139,0,197,0,1,0,1,192,0,71,0,0,0,0,26,0,11,0,0,0,0,0,0,0,0,0,0,0,0,0,0,0,0,0,0,0,0,0,0,0,0,0,0,0,0,0,0,0,0,0,0,0,0,0,0,0,0,0,0,0,0,0,0,0,0,0,0,0,0,0,0,0,0,0,0,0,0,0,0,0,0,0,0,0,0,0,0,2025-11-24 18:07:46.000,2025-11-24 18:07:46.000,-1,684699,684699,,,,,,0,T,99.52,2025-11-24 18:07:46.000,0,0,0,0,0,0,FULL,1091,12,818,9,"226177,226160,232362","169748,169605,169715,175631","87259,85688,85099,84751,84884,84274,85914,86830","226177,56536,57147,60957,57722,56569,56504,56558,56529",M123456.00,"226177,113027,113740,117445,114310","75531,75550,60710,75564,60709","112933,54278,91111,55719,91503,68824,68615,70746,70970",99.52
FAB12,M123456.00,CP1,6,M123456.06,2025-09-29 19:47:45.000,"202540","202509",,,,684699,649057,0,648995,0,0,0,10980,0,0,0,0,0,517,255,4,0,227,0,4,0,0,20246,0,966,0,0,0,0,5,0,62,0,0,0,0,0,0,0,0,0,0,0,0,0,0,0,0,0,0,0,0,0,0,0,0,0,0,0,0,0,0,0,0,0,0,0,0,0,0,0,0,0,0,0,0,0,0,0,0,0,0,0,0,0,0,0,0,0,0,0,0,0,0,0,0,0,0,0,0,0,0,2025-11-24 20:27:52.000,2025-11-24 20:27:52.000,-1,682261,684699,,,,,,0,T,95.13,2025-11-24 20:27:52.000,0,0,0,0,0,0,SAMPLING,1091,12,818,9,"226177,226160,229924","169748,169605,169715,173193","87259,85688,85099,84751,82446,84274,85914,86830","226177,54098,57147,60957,57722,56569,56504,56558,56529",M123456.00,"226177,110589,113740,117445,114310","75531,75274,60710,75564,60709","112933,53223,91111,55719,91503,68824,67232,70746,70970",95.13
FAB12,M123456.00,CP1,7,M123456.07,2025-09-27 14:04:27.000,"202539","202509",,,,684699,682449,0,682442,0,0,0,1112,0,0,0,0,0,307,448,7,0,268,0,13,0,0,68,0,25,0,0,0,0,2,0,7,0,0,0,0,0,0,0,0,0,0,0,0,0,0,0,0,0,0,0,0,0,0,0,0,0,0,0,0,0,0,0,0,0,0,0,0,0,0,0,0,0,0,0,0,0,0,0,0,0,0,0,0,0,0,0,0,0,0,0,0,0,0,0,0,0,0,0,0,0,0,2025-11-24 22:39:41.000,2025-11-24 22:39:41.000,-1,684699,684699,,,,,,0,T,99.67,2025-11-24 22:39:41.000,0,0,0,0,0,0,FULL,1091,12,818,9,"226177,226160,232362","169748,169605,169715,175631","87259,85688,85099,84751,84884,84274,85914,86830","226177,56536,57147,60957,57722,56569,56504,56558,56529",M123456.00,"226177,113027,113740,117445,114310","75531,75550,60710,75564,60709","112933,54278,91111,55719,91503,68824,68615,70746,70970",99.67
FAB12,M123456.00,CP1,8,M123456.08,2025-09-27 17:46:14.000,"202539","202509",,,,684699,682027,0,682026,0,0,0,1569,0,0,0,0,0,372,239,7,0,349,0,2,0,0,114,0,11,0,0,0,0,9,0,1,0,0,0,0,0,0,0,0,0,0,0,0,0,0,0,0,0,0,0,0,0,0,0,0,0,0,0,0,0,0,0,0,0,0,0,0,0,0,0,0,0,0,0,0,0,0,0,0,0,0,0,0,0,0,0,0,0,0,0,0,0,0,0,0,0,0,0,0,0,0,2025-11-25 00:53:33.000,2025-11-25 00:53:33.000,-1,684699,684699,,,,,,0,T,99.61,2025-11-25 00:53:33.000,0,0,0,0,0,0,FULL,1091,12,818,9,"226177,226160,232362","169748,169605,169715,175631","87259,85688,85099,84751,84884,84274,85914,86830","226177,56536,57147,60957,57722,56569,56504,56558,56529",M123456.00,"226177,113027,113740,117445,114310","75531,75550,60710,75564,60709","112933,54278,91111,55719,91503,68824,68615,70746,70970",99.61
FAB12,M123456.00,CP1,9,M123456.09,2025-09-29 23:12:58.000,"202540","202509",,,,684699,623781,0,623163,0,0,0,41802,0,0,0,0,0,1544,362,573,0,211,0,2,0,40,934,0,67,0,0,0,0,3703,0,618,0,0,0,2,0,0,0,0,0,0,0,0,0,0,0,0,0,0,0,0,0,0,0,0,0,0,0,0,0,0,0,0,0,0,0,0,0,0,0,0,0,0,0,0,0,0,0,0,0,0,0,0,0,0,0,0,0,0,0,0,0,0,0,0,0,0,0,0,0,0,2025-11-25 03:10:13.000,2025-11-25 03:10:13.000,-1,673021,684699,,,,,,0,T,92.68,2025-11-25 03:10:13.000,0,0,0,0,0,0,SAMPLING,1091,12,818,11,"225584,225640,221797","169278,169266,169305,165172","86985,85421,85154,80998,77930,84328,85646,86559","225584,46144,57176,60727,57750,56438,56364,56434,56404",M123456.00,"225584,102486,113645,117091,114215","75343,68068,60397,75353,60396","112622,44347,91126,55453,91518,69180,67594,70479,70702",92.68
FAB12,M123456.00,CP1,10,M123456.10,2025-09-27 21:23:59.000,"202539","202509",,,,684699,682166,0,682165,0,0,0,1354,0,0,0,0,0,451,316,7,0,285,0,0,0,0,86,0,21,0,0,0,0,13,0,1,0,0,0,0,0,0,0,0,0,0,0,0,0,0,0,0,0,0,0,0,0,0,0,0,0,0,0,0,0,0,0,0,0,0,0,0,0,0,0,0,0,0,0,0,0,0,0,0,0,0,0,0,0,0,0,0,0,0,0,0,0,0,0,0,0,0,0,0,0,0,2025-11-25 05:20:04.000,2025-11-25 05:20:04.000,-1,684699,684699,,,,,,0,T,99.63,2025-11-25 05:20:04.000,0,0,0,0,0,0,FULL,1091,12,818,9,"226177,226160,232362","169748,169605,169715,175631","87259,85688,85099,84751,84884,84274,85914,86830","226177,56536,57147,60957,57722,56569,56504,56558,56529",M123456.00,"226177,113027,113740,117445,114310","75531,75550,60710,75564,60709","112933,54278,91111,55719,91503,68824,68615,70746,70970",99.63
FAB12,M123456.00,CP1,11,M123456.11,2025-09-28 00:55:56.000,"202540","202509",,,,684699,681224,0,681221,0,0,0,1919,0,0,0,0,0,489,321,9,0,352,0,0,0,0,335,0,48,0,0,0,0,2,0,3,0,0,0,0,0,0,0,0,0,0,0,0,0,0,0,0,0,0,0,0,0,0,0,0,0,0,0,0,0,0,0,0,0,0,0,0,0,0,0,0,0,0,0,0,0,0,0,0,0,0,0,0,0,0,0,0,0,0,0,0,0,0,0,0,0,0,0,0,0,0,2025-11-25 07:37:27.000,2025-11-25 07:37:27.000,-1,684699,684699,,,,,,0,T,99.49,2025-11-25 07:37:27.000,0,0,0,0,0,0,FULL,1091,12,818,9,"226177,226160,232362","169748,169605,169715,175631","87259,85688,85099,84751,84884,84274,85914,86830","226177,56536,57147,60957,57722,56569,56504,56558,56529",M123456.00,"226177,113027,113740,117445,114310","75531,75550,60710,75564,60709","112933,54278,91111,55719,91503,68824,68615,70746,70970",99.49
FAB12,F4MG93.1,CP1,21,F4MG93.21,2019-09-24 09:50:55.000,"201939","201909",,,,1980,1964,0,0,0,0,0,4,0,0,2,0,0,0,0,0,0,0,0,0,0,0,0,0,0,8,0,0,2,0,0,0,0,0,0,0,0,0,0,0,0,0,0,0,0,0,0,0,0,0,0,0,0,0,0,0,0,0,0,0,0,0,0,0,0,0,0,0,0,0,0,0,0,0,0,0,0,0,0,0,0,0,0,0,0,0,0,0,0,0,0,0,0,0,0,0,0,0,0,0,0,0,2019-09-24 11:41:12.000,2019-09-24 11:41:12.000,-0.080817,1980,1980,,,,,,1,T,99.19,2025-08-26 08:59:12.000,0,0,0,0,0,0,FULL,1019,978,1031,968,"628,636,716","478,477,470,555","286,241,254,240,260,212,245,242","628,185,139,212,180,157,161,158,160",F4MG93.1,"628,343,301,370,338","214,217,211,216,211","320,202,202,209,223,210,188,209,217",
FAB12,F4MG93.1,CP1,22,F4MG93.22,2019-09-24 10:54:51.000,"201939","201909",,,,1980,1964,0,1964,0,0,0,0,0,0,0,0,0,0,0,0,0,0,0,0,0,0,0,0,0,0,0,0,0,0,0,0,0,0,0,0,0,0,0,0,0,0,0,0,0,0,0,0,0,0,0,0,0,0,0,0,0,0,0,0,0,0,0,0,0,0,0,0,0,0,0,0,0,0,0,0,0,0,0,0,0,0,0,0,0,0,0,0,0,0,0,0,0,0,0,0,0,0,0,0,0,0,2019-09-24 11:41:13.000,2019-09-24 11:41:13.000,-0.080817,1980,1980,,,,,,0,T,99.19,2025-08-26 08:59:12.000,0,0,0,0,0,0,FULL,1019,978,1031,968,"628,636,716","478,477,470,555","286,241,254,240,260,212,245,242","628,185,139,212,180,157,161,158,160",F4MG93.1,"628,343,301,370,338","214,217,211,216,211","320,202,202,209,223,210,188,209,217",
FAB12,F4MG93.1,CP1,22,F4MG93.22,2019-09-24 10:54:51.000,"201939","201909",,,,1980,1964,0,0,0,0,0,2,0,0,0,1,0,0,0,0,0,0,0,0,0,0,0,0,0,13,0,0,0,0,0,0,0,0,0,0,0,0,0,0,0,0,0,0,0,0,0,0,0,0,0,0,0,0,0,0,0,0,0,0,0,0,0,0,0,0,0,0,0,0,0,0,0,0,0,0,0,0,0,0,0,0,0,0,0,0,0,0,0,0,0,0,0,0,0,0,0,0,0,0,0,0,2019-09-24 11:41:13.000,2019-09-24 11:41:13.000,-0.080817,1980,1980,,,,,,1,T,99.19,2025-08-26 08:59:12.000,0,0,0,0,0,0,FULL,1019,978,1031,968,"628,636,716","478,477,470,555","286,241,254,240,260,212,245,242","628,185,139,212,180,157,161,158,160",F4MG93.1,"628,343,301,370,338","214,217,211,216,211","320,202,202,209,223,210,188,209,217",
FAB12,F4MG93.1,CP1,23,F4MG93.23,2019-09-24 15:02:21.000,"201939","201909",,,,1980,1962,0,1962,0,0,0,0,0,0,0,0,0,0,0,0,0,0,0,0,0,0,0,0,0,0,0,0,0,0,0,0,0,0,0,0,0,0,0,0,0,0,0,0,0,0,0,0,0,0,0,0,0,0,0,0,0,0,0,0,0,0,0,0,0,0,0,0,0,0,0,0,0,0,0,0,0,0,0,0,0,0,0,0,0,0,0,0,0,0,0,0,0,0,0,0,0,0,0,0,0,0,2019-09-24 15:41:04.000,2019-09-24 15:41:04.000,-0.076204,1980,1980,,,,,,0,T,99.09,2025-08-26 08:59:12.000,0,0,0,0,0,0,FULL,1019,978,1031,968,"628,636,716","478,477,470,555","286,241,254,240,260,212,245,242","628,185,139,212,180,157,161,158,160",F4MG93.1,"628,343,301,370,338","214,217,211,216,211","320,202,202,209,223,210,188,209,217",
FAB12,F4MG93.1,CP1,23,F4MG93.23,2019-09-24 15:02:21.000,"201939","201909",,,,1980,1962,0,0,0,0,0,2,0,1,0,0,2,0,0,0,0,0,0,0,0,0,0,0,0,13,0,0,0,0,0,0,0,0,0,0,0,0,0,0,0,0,0,0,0,0,0,0,0,0,0,0,0,0,0,0,0,0,0,0,0,0,0,0,0,0,0,0,0,0,0,0,0,0,0,0,0,0,0,0,0,0,0,0,0,0,0,0,0,0,0,0,0,0,0,0,0,0,0,0,0,0,2019-09-24 15:41:04.000,2019-09-24 15:41:04.000,-0.076204,1980,1980,,,,,,1,T,99.09,2025-08-26 08:59:12.000,0,0,0,0,0,0,FULL,1019,978,1031,968,"628,636,716","478,477,470,555","286,241,254,240,260,212,245,242","628,185,139,212,180,157,161,158,160",F4MG93.1,"628,343,301,370,338","214,217,211,216,211","320,202,202,209,223,210,188,209,217",
FAB12,F4MG93.1,CP1,24,F4MG93.24,2019-09-24 15:42:46.000,"201939","201909",,,,1980,1942,0,1942,0,0,0,0,0,0,0,0,0,0,0,0,0,0,0,0,0,0,0,0,0,0,0,0,0,0,0,0,0,0,0,0,0,0,0,0,0,0,0,0,0,0,0,0,0,0,0,0,0,0,0,0,0,0,0,0,0,0,0,0,0,0,0,0,0,0,0,0,0,0,0,0,0,0,0,0,0,0,0,0,0,0,0,0,0,0,0,0,0,0,0,0,0,0,0,0,0,0,2019-09-24 16:41:14.000,2019-09-24 16:41:14.000,-0.029322,1980,1980,,,,,,0,T,98.08,2025-08-26 08:59:12.000,0,0,0,0,0,0,FULL,1019,978,1031,968,"628,636,716","478,477,470,555","286,241,254,240,260,212,245,242","628,185,139,212,180,157,161,158,160",F4MG93.1,"628,343,301,370,338","214,217,211,216,211","320,202,202,209,223,210,188,209,217",
FAB12,F4MG93.1,CP1,24,F4MG93.24,2019-09-24 15:42:46.000,"201939","201909",,,,1980,1942,0,0,0,0,0,3,0,2,1,2,0,0,2,0,0,0,0,0,0,0,0,0,0,21,0,0,7,0,0,0,0,0,0,0,0,0,0,0,0,0,0,0,0,0,0,0,0,0,0,0,0,0,0,0,0,0,0,0,0,0,0,0,0,0,0,0,0,0,0,0,0,0,0,0,0,0,0,0,0,0,0,0,0,0,0,0,0,0,0,0,0,0,0,0,0,0,0,0,0,0,2019-09-24 16:41:14.000,2019-09-24 16:41:14.000,-0.029322,1980,1980,,,,,,1,T,98.08,2025-08-26 08:59:12.000,0,0,0,0,0,0,FULL,1019,978,1031,968,"628,636,716","478,477,470,555","286,241,254,240,260,212,245,242","628,185,139,212,180,157,161,158,160",F4MG93.1,"628,343,301,370,338","214,217,211,216,211","320,202,202,209,223,210,188,209,217",
FAB12,F4MG93.1,CP1,25,F4MG93.25,2019-09-24 20:04:37.000,"201939","201909",,,,1980,1934,0,1934,0,0,0,0,0,0,0,0,0,0,0,0,0,0,0,0,0,0,0,0,0,0,0,0,0,0,0,0,0,0,0,0,0,0,0,0,0,0,0,0,0,0,0,0,0,0,0,0,0,0,0,0,0,0,0,0,0,0,0,0,0,0,0,0,0,0,0,0,0,0,0,0,0,0,0,0,0,0,0,0,0,0,0,0,0,0,0,0,0,0,0,0,0,0,0,0,0,0,2019-09-24 21:41:16.000,2019-09-24 21:41:16.000,-0.01061,1980,1980,,,,,,0,T,97.68,2025-08-26 08:59:12.000,0,0,0,0,0,0,FULL,1019,978,1031,968,"628,636,716","478,477,470,555","286,241,254,240,260,212,245,242","628,185,139,212,180,157,161,158,160",F4MG93.1,"628,343,301,370,338","214,217,211,216,211","320,202,202,209,223,210,188,209,217",
FAB12,F4MG93.1,CP1,25,F4MG93.25,2019-09-24 20:04:37.000,"201939","201909",,,,1980,1934,0,0,0,0,0,7,0,1,2,1,0,0,0,0,0,0,0,0,0,0,0,0,0,34,0,0,1,0,0,0,0,0,0,0,0,0,0,0,0,0,0,0,0,0,0,0,0,0,0,0,0,0,0,0,0,0,0,0,0,0,0,0,0,0,0,0,0,0,0,0,0,0,0,0,0,0,0,0,0,0,0,0,0,0,0,0,0,0,0,0,0,0,0,0,0,0,0,0,0,0,2019-09-24 21:41:16.000,2019-09-24 21:41:16.000,-0.01061,1980,1980,,,,,,1,T,97.68,2025-08-26 08:59:12.000,0,0,0,0,0,0,FULL,1019,978,1031,968,"628,636,716","478,477,470,555","286,241,254,240,260,212,245,242","628,185,139,212,180,157,161,158,160",F4MG93.1,"628,343,301,370,338","214,217,211,216,211","320,202,202,209,223,210,188,209,217",
FAB12,M123456.00,CP1,12,M123456.12,2025-09-28 04:27:12.000,"202540","202509",,,,684699,682016,0,682006,0,0,0,1251,0,0,0,0,0,230,343,135,0,407,0,3,0,0,242,0,51,0,0,0,0,20,0,10,0,0,0,1,0,0,0,0,0,0,0,0,0,0,0,0,0,0,0,0,0,0,0,0,0,0,0,0,0,0,0,0,0,0,0,0,0,0,0,0,0,0,0,0,0,0,0,0,0,0,0,0,0,0,0,0,0,0,0,0,0,0,0,0,0,0,0,0,0,0,2025-11-25 09:45:17.000,2025-11-25 09:45:17.000,-1,684699,684699,,,,,,0,T,99.61,2025-11-25 09:45:17.000,0,0,0,0,0,0,FULL,1091,12,818,9,"226177,226160,232362","169748,169605,169715,175631","87259,85688,85099,84751,84884,84274,85914,86830","226177,56536,57147,60957,57722,56569,56504,56558,56529",M123456.00,"226177,113027,113740,117445,114310","75531,75550,60710,75564,60709","112933,54278,91111,55719,91503,68824,68615,70746,70970",99.61
FAB12,M123456.00,CP1,13,M123456.13,2025-09-28 08:02:53.000,"202540","202509",,,,684699,679363,0,679346,0,0,0,3197,0,0,0,0,0,780,386,227,0,225,0,3,0,1,337,0,136,0,0,0,0,44,0,17,0,0,0,0,0,0,0,0,0,0,0,0,0,0,0,0,0,0,0,0,0,0,0,0,0,0,0,0,0,0,0,0,0,0,0,0,0,0,0,0,0,0,0,0,0,0,0,0,0,0,0,0,0,0,0,0,0,0,0,0,0,0,0,0,0,0,0,0,0,0,2025-11-25 16:48:09.000,2025-12-02 15:22:07.000,-1,684699,684699,,,,,,0,T,0,2025-12-02 15:22:07.000,0,0,0,0,0,0,,1091,12,818,9,"226177,226160,232362","169748,169605,169715,175631","87259,85688,85099,84751,84884,84274,85914,86830","226177,56536,57147,60957,57722,56569,56504,56558,56529",M123456.00,"226177,113027,113740,117445,114310","75531,75550,60710,75564,60709","112933,54278,91111,55719,91503,68824,68615,70746,70970",0

TABLE,VEDA_TBL_CP_ZONE_202608230854.csv
"FAB_NAME","PART6","LOTID","TEST_TYPE","WAFERNO","Y_COORD","STR_3C","STR_4C","STR_8P","STR_9S","STR_5W","STR_9W","TIMESTAMP","STR_5S"
FAB12,TMUW83,P9XP47.00,CP3,3,63,"                                          03030303030303030303030303030303030303030303020202020202020202020203030303030303030303030303030303030303030303                                            ","                                          04040404040404040404040403030303030303030303030303030303030303030303030303030303030303040404040404040404040404                                            ","                                          05050505050505050505050505050505050505050505050505050505040404040404040404040404040404040404040404040404040404                                            ","                                          02020202020202020202020202020202020202020202070707070707060606060602020202020202020202020202020202020202020202                                            ","                                          00000000000000000000000000020202020202020202020202020202020202020202020202020202020200000000000000000000000000                                            ","                                          07070707070707070707070707070707020202020202020202020202020202020202020202020206060606060606060606060606060606                                            ",2026-05-08 16:11:32.000,"                                          02020202020202020202020202020202020202020202020202020202020202020202020202020202020202020202020202020202020202                                            "
FAB12,TMUW83,P9XP47.00,CP3,3,62,"                                      0303030303030303030303030303030303030202020202020202020202020202020202020202020202030303030303030303030303030303030303                                        ","                                      0404040404040404040404030303030303030303030303030303030303030303030303030303030303030303030303030404040404040404040404                                        ","                                      0505050505050505050505050505050505050505050505050505050505050404040404040404040404040404040404040404040404040404040404                                        ","                                      0202020202020202020202020202020202020707070707070707070707070606060606060606060606020202020202020202020202020202020202                                        ","                                      0000000000000000000000000000020202020202020202020202020202020202020202020202020202020202020000000000000000000000000000                                        ","                                      0707070707070707070707070707070707070702020202020202020202020202020202020202020206060606060606060606060606060606060606                                        ",2026-05-08 16:11:32.000,"                                      0202020202020202020202020202020202020202020202020202020202020202020202020202020202020202020202020202020202020202020202                                        "
FAB12,TMUW83,P9XP47.00,CP3,3,61,"                                    0303030303030303030303030303030202020202020202020202020202020202020202020202020202020202020203030303030303030303030303030303                                    ","                                    0404040404040404040303030303030303030303030303030303030303030303030303030303030303030303030303030303030304040404040404040404                                    ","                                    0505050505050505050505050505050505050505050505050505050505050504040404040404040404040404040404040404040404040404040404040404                                    ","                                    0202020202020202020202020202020707070707070707070707070707070706060606060606060606060606060602020202020202020202020202020202                                    ","                                    0000000000000000000000000000000202020202020202020202020202020202020202020202020202020202020200000000000000000000000000000000                                    ","                                    0707070707070707070707070707070707070707020202020202020202020202020202020202020202060606060606060606060606060606060606060606                                    ",2026-05-08 16:11:32.000,"                                    0202020202020202020202020202020202020202020202020202020202020202020202020202020202020202020202020202020202020202020202020202                                    "
FAB12,TMUW83,P9XP47.00,CP3,3,60,"                                030303030303030303030303030302020202020202020202020202020202020202020202020202020202020202020202020202030303030303030303030303030303                                ","                                040404040404040404030303030303030303030303030303030303030303030303030303030303030303030303030303030303030303030304040404040404040404                                ","                                050505050505050505050505050505050505050505050505050505050505050505040404040404040404040404040404040404040404040404040404040404040404                                ","                                020202020202020202020202020207070707070707070707070707070707070707060606060606060606060606060606060606020202020202020202020202020202                                ","                                000000000000000000000000000000000002020202020202020202020202020202020202020202020202020202020202000000000000000000000000000000000000                                ","                                070707070707070707070707070707070707070707070202020202020202020202020202020202020202020606060606060606060606060606060606060606060606                                ",2026-05-08 16:11:32.000,"                                020202020202020202020202020202020202020202020202020202020202020202020202020202020202020202020202020202020202020202020202020202020202                                "
FAB12,TMUW83,P9XP47.00,CP3,3,69,"                                                                                        03030303030303030303                                                                                        ","                                                                                        04040404040404040404                                                                                        ","                                                                                        05050505050404040404                                                                                        ","                                                                                        02020202020202020202                                                                                        ","                                                                                        02020202020202020200                                                                                        ","                                                                                        02020202020202020202                                                                                        ",2026-05-08 16:11:31.000,"                                                                                        02020202020202020202                                                                                        "
FAB12,TMUW83,P9XP47.00,CP3,3,68,"                                                                          030303030303030303030303030303030303030303030303                                                                          ","                                                                          040404040404040404040404040404040404040404040404                                                                          ","                                                                          050505050505050505050505040404040404040404040404                                                                          ","                                                                          020202020202020202020202020202020202020202020202                                                                          ","                                                                          000000020202020202020202020202020202020200000000                                                                          ","                                                                          020202020202020202020202020202020202020202020202                                                                          ",2026-05-08 16:11:32.000,"                                                                          020202020202020202020202020202020202020202020202                                                                          "
FAB12,TMUW83,P9XP47.00,CP3,3,67,"                                                                03030303030303030303030303030303030303030303030303030303030303030303                                                                ","                                                                04040404040404040404040404040404040404040404040404040404040404040404                                                                ","                                                                05050505050505050505050505050505050404040404040404040404040404040404                                                                ","                                                                02020202020202020202020202020202020202020202020202020202020202020202                                                                ","                                                                00000000000002020202020202020202020202020202020202020200000000000000                                                                ","                                                                07070702020202020202020202020202020202020202020202020202020206060606                                                                ",2026-05-08 16:11:32.000,"                                                                02020202020202020202020202020202020202020202020202020202020202020202                                                                "
FAB12,TMUW83,P9XP47.00,CP3,3,66,"                                                          03030303030303030303030303030303030303030303030303030303030303030303030303030303                                                          ","                                                          04040404040404040404040404040404040404040404040404040404040404040404040404040404                                                          ","                                                          05050505050505050505050505050505050505050404040404040404040404040404040404040404                                                          ","                                                          02020202020202020202020202020202020202020202020202020202020202020202020202020202                                                          ","                                                          00000000000000000202020202020202020202020202020202020202020202000000000000000000                                                          ","                                                          07070707070707020202020202020202020202020202020202020202020202020606060606060606                                                          ",2026-05-08 16:11:32.000,"                                                          02020202020202020202020202020202020202020202020202020202020202020202020202020202                                                          "
FAB12,TMUW83,P9XP47.00,CP3,3,65,"                                                    03030303030303030303030303030303030303030303030303030303030303030303030303030303030303030303                                                    ","                                                    04040404040404040404040404040404040404040404040404040404040404040404040404040404040404040404                                                    ","                                                    05050505050505050505050505050505050505050505050404040404040404040404040404040404040404040404                                                    ","                                                    02020202020202020202020202020202020202020202020202020202020202020202020202020202020202020202                                                    ","                                                    00000000000000000000020202020202020202020202020202020202020202020202020000000000000000000000                                                    ","                                                    07070707070707070707020202020202020202020202020202020202020202020202020606060606060606060606                                                    ",2026-05-08 16:11:32.000,"                                                    02020202020202020202020202020202020202020202020202020202020202020202020202020202020202020202                                                    "
FAB12,TMUW83,P9XP47.00,CP3,3,64,"                                                0303030303030303030303030303030303030303030303030303030303030303030303030303030303030303030303030303                                                ","                                                0404040404040404040404040404030303030303030303030303030303030303030303040404040404040404040404040404                                                ","                                                0505050505050505050505050505050505050505050505050504040404040404040404040404040404040404040404040404                                                ","                                                0202020202020202020202020202020202020202020202020202020202020202020202020202020202020202020202020202                                                ","                                                0000000000000000000000020202020202020202020202020202020202020202020202020202000000000000000000000000                                                ","                                                0707070707070707070707070702020202020202020202020202020202020202020202020606060606060606060606060606                                                ",2026-05-08 16:11:32.000,"                                                0202020202020202020202020202020202020202020202020202020202020202020202020202020202020202020202020202                                                "
FAB12,TMUW83,P9XP47.00,CP3,3,53,"                      03030303030303020202020202020202020202020202020202010101010101010101010101010101010101010101010101010202020202020202020202020202020202020303030303030303030303                ","                      04040404030303030303030303030202020202020202020202020202020202020202020202020202020202020202020202020202020202020202020202030303030303030303030404040404040404                ","                      06060606060606060606060606050505050505050505050505050505050505050505050505050404040404040404040404040404040404040404040404040303030303030303030303030303030303                ","                      03030303030303070707070707070707070707070707070707010101010101010101010101010101010101010101010101010606060606060606060606060606060606060505050505050505050505                ","                      00000000000000000000000000000000000000000000000202020202020202020202020202020202020202020202020202020202000000000000000000000000000000000000000000000000000000                ","                      07070707070707070707070707070707070707070707070707070707070702020202020202020202020202020206060606060606060606060606060606060606060606060606060606060606060606                ",2026-05-08 16:11:32.000,"                      03030303030303030303030303020202020202020202020202010101010101010101010101010101010101010101010101010202020202020202020202020505050505050505050505050505050505                "
FAB12,TMUW83,P9XP47.00,CP3,3,52,"                    030303030303030202020202020202020202020202020201010101010101010101010101010101010101010101010101010101010101020202020202020202020202020202020303030303030303030303              ","                    040404040303030303030303030302020202020202020202020202020202020202010101010101010101010102020202020202020202020202020202020202030303030303030303030404040404040404              ","                    060606060606060606060606060606050505050505050505050505050505050505050505050505040404040404040404040404040404040404040404040403030303030303030303030303030303030303              ","                    030303030303030707070707070707070707070707070701010101010101010101010101010101010101010101010101010101010101060606060606060606060606060606060505050505050505050505              ","                    000000000000000000000000000000000000000000000000000202020202020202020202020202020202020202020202020202020000000000000000000000000000000000000000000000000000000000              ","                    070707070707070707070707070707070707070707070707070707070707070702020202020202020202020202060606060606060606060606060606060606060606060606060606060606060606050505              ",2026-05-08 16:11:32.000,"                    030303030303030303030303030303020202020202020201010101010101010101010101010101010101010101010101010101010101020202020202020205050505050505050505050505050505050505              "
FAB12,TMUW83,P9XP47.00,CP3,3,51,"            030303  03030303030302020202020202020202020202020201010101010101010101010101010101010101010101010101010101010101010101010202020202020202020202020202020303030303030303030303            ","            040404  04040403030303030303030302020202020202020202020202020202020101010101010101010101010101010101010102020202020202020202020202020202020303030303030303030404040404040404            ","            060606  06060606060606060606060606060606050505050505050505050505050505050505050505050504040404040404040404040404040404040404040404030303030303030303030303030303030303030303            ","            030303  03030303030307070707070707070707070707070701010101010101010101010101010101010101010101010101010101010101010101010606060606060606060606060606060505050505050505050505            ","            000000  00000000000000000000000000000000000000000000000000000202020202020202020202020202020202020202020202020200000000000000000000000000000000000000000000000000000000000000            ","            030303  03070707070707070707070707070707070707070707070707070707070707070202020202020202020202020206060606060606060606060606060606060606060606060606060606060606050505050505            ",2026-05-08 16:11:32.000,"            030303  03030303030303030303030303030303020202020201010101010101010101010101010101010101010101010101010101010101010101010202020202050505050505050505050505050505050505050505            "
FAB12,TMUW83,P9XP47.00,CP3,3,50,"          03030303  03030303030202020202020202020202020202020101010101010101010101010101010101010101010101010101010101010101010101010102020202020202020202020202020203030303030303030303            ","          04040404  04040303030303030303030202020202020202020202020202020101010101010101010101010101010101010101010101010102020202020202020202020202020203030303030303030304040404040404            ","          06060606  06060606060606060606060606060606060605050505050505050505050505050505050505050504040404040404040404040404040404040404040303030303030303030303030303030303030303030303            ","          03030303  03030303030707070707070707070707070707070101010101010101010101010101010101010101010101010101010101010101010101010106060606060606060606060606060605050505050505050505            ","          00000000  00000000000000000000000000000000000000000000000000000002020202020202020202020202020202020202020202020000000000000000000000000000000000000000000000000000000000000000            ","          03030303  03030307070707070707070707070707070707070707070707070707070707070202020202020202020202020206060606060606060606060606060606060606060606060606060606060505050505050505            ",2026-05-08 16:11:32.000,"          03030303  03030303030303030303030303030303030302020101010101010101010101010101010101010101010101010101010101010101010101010102020505050505050505050505050505050505050505050505            "
FAB12,TMUW83,P9XP47.00,CP3,3,49,"          03030303030303030302020202020202020202020202020101010101010101010101010101010101010101010101010101010101010101010101010101010101020202020202020202020202020203030303030303030303          ","          04040404040403030303030303030302020202020202020202020202020101010101010101010101010101010101010101010101010101010101020202020202020202020202020203030303030303030304040404040404          ","          06060606060606060606060606060606060606060606060605050505050505050505050505050505050505050404040404040404040404040404040404040403030303030303030303030303030303030303030303030303          ","          03030303030303030307070707070707070707070707070101010101010101010101010101010101010101010101010101010101010101010101010101010101060606060606060606060606060605050505050505050505          ","          00000000000000000000000000000000000000000000000000000000000000000000020202020202020202020202020202020202020000000000000000000000000000000000000000000000000000000000000000000000          ","          03030303030303030303030707070707070707070707070707070707070707070707070707070201010101010101010102060606060606060606060606060606060606060606060606060606050505050505050505050505          ",2026-05-08 16:11:32.000,"          03030303030303030303030303030303030303030303030101010101010101010101010101010101010101010101010101010101010101010101010101010101050505050505050505050505050505050505050505050505          "
FAB12,TMUW83,P9XP47.00,CP3,3,48,"        030303030303030303020202020202020202020202020201010101010101010101010101010101010101010101010101010101010101010101010101010101010101020202020202020202020202020203030303030303030303        ","        040404040404030303030303030303020202020202020202020202020101010101010101010101010101010101010101010101010101010101010101010202020202020202020202020203030303030303030304040404040404        ","        060606060606060606060606060606060606060606060606060606050505050505050505050505050505050505040404040404040404040404040404040403030303030303030303030303030303030303030303030303030303        ","        030303030303030303070707070707070707070707070701010101010101010101010101010101010101010101010101010101010101010101010101010101010101060606060606060606060606060605050505050505050505        ","        000000000000000000000000000000000000000000000000000000000000000000000000000202020202020202020202020202020000000000000000000000000000000000000000000000000000000000000000000000000000        ","        030303030303030303030303030307070707070707070707070707070707070707070707010101010101010101010101010101010106060606060606060606060606060606060606060606050505050505050505050505050505        ",2026-05-08 16:11:32.000,"        030303030303030303030303030303030303030303030301010101010101010101010101010101010101010101010101010101010101010101010101010101010101050505050505050505050505050505050505050505050505        "
FAB12,TMUW83,P9XP47.00,CP3,3,47,"      03030303030303030302020202020202020202020202020101010101010101010101010101010101010101010101010101010101010101010101010101010101010101010202020202020202020202020202030303030303030303        ","      04040404040404030303030303030302020202020202020202020202010101010101010101010101010101010101010101010101010101010101010101010102020202020202020202020202030303030303030304040404040404        ","      06060606060606060606060606060606060606060606060606060606060505050505050505050505050505050505040404040404040404040404040404040303030303030303030303030303030303030303030303030303030303        ","      03030303030303030307070707070707070707070707070101010101010101010101010101010101010101010101010101010101010101010101010101010101010101010606060606060606060606060606050505050505050505        ","      00000000000000000000000000000000000000000000000000000000000000000000000000000000000000020202020200000000000000000000000000000000000000000000000000000000000000000000000000000000000000        ","      03030303030303030303030303030303030307070707070707070707070707070707010101010101010101010101010101010101010101010106060606060606060606060606060606050505050505050505050505050505050505        ",2026-05-08 16:11:32.000,"      03030303030303030303030303030303030303030303030101010101010101010101010101010101010101010101010101010101010101010101010101010101010101010505050505050505050505050505050505050505050505        "
FAB12,TMUW83,P9XP47.00,CP3,3,46,"      0303030303030303030202020202020202020202020201010101010101010101010101010101010101010101010101010101010101010101010101010101010101010101010202020202020202020202020203030303030303030303      ","      0404040404040303030303030303030202020202020202020202010101010101010101010101010101010101010101010101010101010101010101010101010101020202020202020202020203030303030303030304040404040404      ","      0606060606060606060606060606060606060606060606060606060606060605050505050505050505050505050504040404040404040404040404040303030303030303030303030303030303030303030303030303030303030303      ","      0303030303030303030707070707070707070707070701010101010101010101010101010101010101010101010101010101010101010101010101010101010101010101010606060606060606060606060605050505050505050505      ","      0000000000000000000000000000000000030303030303030303030303000000000000000000000101010101010101010101010100000000000000000000050505050505050505050505000000000000000000000000000000000000      ","      0303030303030303030303030303030303030303070707070707070707070707070101010101010101010101010101010101010101010101010106060606060606060606060606050505050505050505050505050505050505050505      ",2026-05-08 16:11:32.000,"      0303030303030303030303030303030303030303030301010101010101010101010101010101010101010101010101010101010101010101010101010101010101010101010505050505050505050505050505050505050505050505      "
FAB12,TMUW83,P9XP47.00,CP3,3,45,"    030303030303030303020202020202020202020202020101010101010101010101010101010101010101010101010101010101010101010101010101010101010101010101010102020202020202020202020202030303030303030303      ","    040404040404040303030303030303020202020202020202020201010101010101010101010101010101010101010101010101010101010101010101010101010101010202020202020202020202030303030303030304040404040404      ","    060606060606060606060606060606060606060606060606060606060606060606050505050505050505050505050504040404040404040404040404030303030303030303030303030303030303030303030303030303030303030303      ","    030303030303030303070707070707070707070707070101010101010101010101010101010101010101010101010101010101010101010101010101010101010101010101010106060606060606060606060606050505050505050505      ","    000000000000000000000000000000030303030303030303030303030303000000000000000001010101010101010101010101010101010000000000000000050505050505050505050505050505000000000000000000000000000000      ","    030303030303030303030303030303030303030303030303070707070707070701010101010101010101010101010101010101010101010101010101010606060606060606050505050505050505050505050505050505050505050505      ",2026-05-08 16:11:32.000,"    030303030303030303030303030303030303030303030101010101010101010101010101010101010101010101010101010101010101010101010101010101010101010101010105050505050505050505050505050505050505050505      "
FAB12,TMUW83,P9XP47.00,CP3,3,44,"    03030303030303030302020202020202020202020201010101010101010101010101010101010101010101010101010101010101010101010101010101010101010101010101010102020202020202020202020203030303030303030303    ","    04040404040403030303030303030202020202020202020202010101010101010101010101010101010101010101010101010101010101010101010101010101010101010202020202020202020202030303030303030304040404040404    ","    06060606060606060606060606060606060606060606060606060606060606060606050505050505050505050505050404040404040404040404040303030303030303030303030303030303030303030303030303030303030303030303    ","    03030303030303030307070707070707070707070701010101010101010101010101010101010101010101010101010101010101010101010101010101010101010101010101010106060606060606060606060605050505050505050505    ","    00000000000000000000000000030303030303030303030303030303030300000000000001010101010101010101010101010101010101010100000000000005050505050505050505050505050505050000000000000000000000000000    ","    03030303030303030303030303030303030303030303030303030707070707010101010101010101010101010101010101010101010101010101010101010606060606050505050505050505050505050505050505050505050505050505    ",2026-05-08 16:11:32.000,"    03030303030303030303030303030303030303030301010101010101010101010101010101010101010101010101010101010101010101010101010101010101010101010101010105050505050505050505050505050505050505050505    "
FAB12,TMUW83,P9XP47.00,CP3,3,59,"                              0303030303030303030303030202020202020202020202020202020202020202020202020202020202020202020202020202020202020203030303030303030303030303                              ","                              0404040404040404030303030303030303030303030303030303020202020202020202020202020202030303030303030303030303030303030303040404040404040404                              ","                              0505050505050505050505050505050505050505050505050505050505050505050504040404040404040404040404040404040404040404040404040404040404040403                              ","                              0202020202020202020202020707070707070707070707070707070707070707070706060606060606060606060606060606060606060602020202020202020202020205                              ","                              0000000000000000000000000000000000020202020202020202020202020202020202020202020202020202020202020202000000000000000000000000000000000000                              ","                              0707070707070707070707070707070707070707070707070202020202020202020202020202020202020206060606060606060606060606060606060606060606060606                              ",2026-05-08 16:11:32.000,"                              0202020202020202020202020202020202020202020202020202020202020202020202020202020202020202020202020202020202020202020202020202020202020205                              "
FAB12,TMUW83,P9XP47.00,CP3,3,58,"                          0303030303030303030303030202020202020202020202020202020202020202020202020202020202020202020202020202020202020202020202030303030303030303030303                            ","                          0404040404040404030303030303030303030303030303020202020202020202020202020202020202020202020202020303030303030303030303030303030404040404040404                            ","                          0606060505050505050505050505050505050505050505050505050505050505050505050404040404040404040404040404040404040404040404040404040404040404030303                            ","                          0303030202020202020202020707070707070707070707070707070707070707070707070606060606060606060606060606060606060606060606020202020202020202050505                            ","                          0000000000000000000000000000000000000002020202020202020202020202020202020202020202020202020202020202020200000000000000000000000000000000000000                            ","                          0707070707070707070707070707070707070707070707070707020202020202020202020202020202020202020606060606060606060606060606060606060606060606060606                            ",2026-05-08 16:11:32.000,"                          0303030202020202020202020202020202020202020202020202020202020202020202020202020202020202020202020202020202020202020202020202020202020202050505                            "
FAB12,TMUW83,P9XP47.00,CP3,3,57,"                        0303030303030303030303020202020202020202020202020202020202020202020202020202020202020202020202020202020202020202020202020202030303030303030303030303                        ","                        0404040404040404030303030303030303030303030202020202020202020202020202020202020202020202020202020202020203030303030303030303030303040404040404040404                        ","                        0606060606060505050505050505050505050505050505050505050505050505050505050504040404040404040404040404040404040404040404040404040404040403030303030303                        ","                        0303030303030202020202070707070707070707070707070707070707070707070707070706060606060606060606060606060606060606060606060606020202020205050505050505                        ","                        0000000000000000000000000000000000000000020202020202020202020202020202020202020202020202020202020202020202000000000000000000000000000000000000000000                        ","                        0707070707070707070707070707070707070707070707070707070702020202020202020202020202020202020606060606060606060606060606060606060606060606060606060606                        ",2026-05-08 16:11:32.000,"                        0303030303030202020202020202020202020202020202020202020202020202020202020202020202020202020202020202020202020202020202020202020202020205050505050505                        "
FAB12,TMUW83,P9XP47.00,CP3,3,56,"                        030303030303030303030202020202020202020202020202020202020202020202020202020202020202020202020202020202020202020202020202020202030303030303030303030303                      ","                        040404040404030303030303030303030303030202020202020202020202020202020202020202020202020202020202020202020202030303030303030303030303030404040404040404                      ","                        060606060606060505050505050505050505050505050505050505050505050505050505050404040404040404040404040404040404040404040404040404040404030303030303030303                      ","                        030303030303030202020707070707070707070707070707070707070707070707070707070606060606060606060606060606060606060606060606060606020202050505050505050505                      ","                        000000000000000000000000000000000000000000020202020202020202020202020202020202020202020202020202020202020000000000000000000000000000000000000000000000                      ","                        070707070707070707070707070707070707070707070707070707070202020202020202020202020202020202060606060606060606060606060606060606060606060606060606060606                      ",2026-05-08 16:11:32.000,"                        030303030303030202020202020202020202020202020202020202020202020202020202020202020202020202020202020202020202020202020202020202020202050505050505050505                      "
FAB12,TMUW83,P9XP47.00,CP3,3,55,"                          030303030303030202020202020202020202020202020202020202020202020201010101010101020202020202020202020202020202020202020202020202020303030303030303030303                    ","                          040404040303030303030303030303020202020202020202020202020202020202020202020202020202020202020202020202020202020203030303030303030303030404040404040404                    ","                          060606060606060605050505050505050505050505050505050505050505050505050505040404040404040404040404040404040404040404040404040404030303030303030303030303                    ","                          030303030303030707070707070707070707070707070707070707070707070701010101010101060606060606060606060606060606060606060606060606060505050505050505050505                    ","                          000000000000000000000000000000000000000002020202020202020202020202020202020202020202020202020202020202000000000000000000000000000000000000000000000000                    ","                          070707070707070707070707070707070707070707070707070707020202020202020202020202020202020206060606060606060606060606060606060606060606060606060606060606                    ",2026-05-08 16:11:32.000,"                          030303030303030302020202020202020202020202020202020202020202020201010101010101020202020202020202020202020202020202020202020202050505050505050505050505                    "
FAB12,TMUW83,P9XP47.00,CP3,3,54,"                        0303030303030302020202020202020202020202020202020202020101010101010101010101010101010101010102020202020202020202020202020202020202020303030303030303030303                  ","                        0404040403030303030303030303030202020202020202020202020202020202020202020202020202020202020202020202020202020202020203030303030303030303030404040404040404                  ","                        0606060606060606060605050505050505050505050505050505050505050505050505050504040404040404040404040404040404040404040404040404040303030303030303030303030303                  ","                        0303030303030307070707070707070707070707070707070707070101010101010101010101010101010101010106060606060606060606060606060606060606060505050505050505050505                  ","                        0000000000000000000000000000000000000000000202020202020202020202020202020202020202020202020202020202020200000000000000000000000000000000000000000000000000                  ","                        0707070707070707070707070707070707070707070707070707070707020202020202020202020202020202060606060606060606060606060606060606060606060606060606060606060606                  ",2026-05-08 16:11:32.000,"                        0303030303030303030302020202020202020202020202020202020101010101010101010101010101010101010102020202020202020202020202020202020505050505050505050505050505                  "
FAB12,TMUW83,P9XP47.00,CP3,3,43,"    03030303030303030202020202020202020202020201010101010101010101010101010101010101010101010101010101010101010101010101010101010101010101010101010102020202020202020202020202030303030303030303    ","    04040404040403030303030303030202020202020202020202010101010101010101010101010101010101010101010101010101010101010101010101010101010101010202020202020202020202030303030303030304040404040404    ","    06060606060606060606060606060606060606060606060606060606060606060606060605050505050505050505050404040404040404040403030303030303030303030303030303030303030303030303030303030303030303030303    ","    03030303030303030707070707070707070707070701010101010101010101010101010101010101010101010101010101010101010101010101010101010101010101010101010106060606060606060606060606050505050505050505    ","    00000000000000000000000003030303030303030303030303030303030300000000010101010101010101010101010101010101010101010101010000000005050505050505050505050505050505050500000000000000000000000000    ","    03030303030303030303030303030303030303030303030303030303070701010101010101010101010101010101010101010101010101010101010101010106060505050505050505050505050505050505050505050505050505050505    ",2026-05-08 16:11:32.000,"    03030303030303030303030303030303030303030301010101010101010101010101010101010101010101010101010101010101010101010101010101010101010101010101010105050505050505050505050505050505050505050505    "
FAB12,TMUW83,P9XP47.00,CP3,3,42,"  0303030303030303030202020202020202020202020101010101010101010101010101010101010101010101010101010101010101010101010101010101010101010101010101010101020202020202020202020202030303030303030303    ","  0404040404040403030303030303020202020202020202020201010101010101010101010101010101010101010101010101010101010101010101010101010101010101010102020202020202020202020303030303030304040404040404    ","  0606060606060606060606060606060606060606060606060606060606060606060606060606050505050505050505050404040404040404040303030303030303030303030303030303030303030303030303030303030303030303030303    ","  0303030303030303030707070707070707070707070101010101010101010101010101010101010101010101010101010101010101010101010101010101010101010101010101010101060606060606060606060606050505050505050505    ","  0000000000000000000000000303030303030303030303030303030303030300000001010101010101010101010101010101010101010101010101010100000005050505050505050505050505050505050505000000000000000000000000    ","  0303030303030303030303030303030303030303030303030303030303030101010101010101010101010101010101010101010101010101010101010101010101050505050505050505050505050505050505050505050505050505050505    ",2026-05-08 16:11:32.000,"  0303030303030303030303030303030303030303030101010101010101010101010101010101010101010101010101010101010101010101010101010101010101010101010101010101050505050505050505050505050505050505050505    "
FAB12,TMUW83,P9XP47.00,CP3,3,39,"03030303030303030302020202020202020202020201010101010101010101010101010101010101010101010101010101010101010101010101010101010101010101010101010101010101020202020202020202020202030303030303030303  ","04040404040404030303030303030302020202020202020202010101010101010101010101010101010101010101010101010101010101010101010101010101010101010101010102020202020202020202030303030303030304040404040404  ","06060606060606060606060606060606060606060606060606060606060606060606060606060606060606060505050505040404040303030303030303030303030303030303030303030303030303030303030303030303030303030303030303  ","03030303030303030307070707070707070707070701010101010101010101010101010101010101010101010101010101010101010101010101010101010101010101010101010101010101060606060606060606060606050505050505050505  ","00000000000000000000030303030303030303030303030303030303030303030001010101010101010101010101010101010101010101010101010101010101000505050505050505050505050505050505050505050500000000000000000000  ","03030303030303030303030303030303030303030303030303030303030101010101010101010101010101010101010101010101010101010101010101010101010101010505050505050505050505050505050505050505050505050505050505  ",2026-05-08 16:11:32.000,"03030303030303030303030303030303030303030301010101010101010101010101010101010101010101010101010101010101010101010101010101010101010101010101010101010101050505050505050505050505050505050505050505  "
FAB12,TMUW83,P9XP47.00,CP3,3,38,"03030303030303030302020202020202020202020201010101010101010101010101010101010101010101010101010101010101010101010101010101010101010101010101010101010101020202020202020202020202030303030303030303  ","04040404040404030303030303030202020202020202020202010101010101010101010101010101010101010101010101010101010101010101010101010101010101010101010102020202020202020202020303030303030304040404040404  ","06060606060606060606060606060606060606060606060606060606060606060606060606060606060606060605050505040404030303030303030303030303030303030303030303030303030303030303030303030303030303030303030303  ","03030303030303030307070707070707070707070701010101010101010101010101010101010101010101010101010101010101010101010101010101010101010101010101010101010101060606060606060606060606050505050505050505  ","00000000000000000000030303030303030303030303030303030303030303030001010101010101010101010101010101010101010101010101010101010101000505050505050505050505050505050505050505050500000000000000000000  ","03030303030303030303030303030303030303030303030303030303030101010101010101010101010101010101010101010101010101010101010101010101010101010505050505050505050505050505050505050505050505050505050505  ",2026-05-08 16:11:32.000,"03030303030303030303030303030303030303030301010101010101010101010101010101010101010101010101010101010101010101010101010101010101010101010101010101010101050505050505050505050505050505050505050505  "
FAB12,TMUW83,P9XP47.00,CP3,3,33,"0303030303030303030202020202020202020202020101010101010101010101010101010101010101010101010101010101010101010101010101010101010101010101010101010101010102020202020202020202020203030303030303030303","0404040404040403030303030303020202020202020202020201010101010101010101010101010101010101010101010101010101010101010101010101010101010101010101010202020202020202020202030303030303030404040404040404","0707070707070707070707070707070707070707070707070707070707070707070707070707070707070707070808080101010102020202020202020202020202020202020202020202020202020202020202020202020202020202020202020202","0303030303030303030808080808080808080808080101010101010101010101010101010101010101010101010101010101010101010101010101010101010101010101010101010101010109090909090909090909090905050505050505050505","0000000000000000000003030303030303030303030303030303030303030303000101010101010101010101010101010101010101010101010101010101010100050505050505050505050505050505050505050505050000000000000000000000","0303030303030303030303030303030303030303030303030303030303010101010101010101010101010101010101010101010101010101010101010101010101010101050505050505050505050505050505050505050505050505050505050505",2026-05-08 16:11:32.000,"0303030303030303030303030303030303030303030101010101010101010101010101010101010101010101010101010101010101010101010101010101010101010101010101010101010105050505050505050505050505050505050505050505"
FAB12,TMUW83,P9XP47.00,CP3,3,32,"0303030303030303030202020202020202020202020101010101010101010101010101010101010101010101010101010101010101010101010101010101010101010101010101010101010102020202020202020202020203030303030303030303","0404040404040403030303030303030202020202020202020201010101010101010101010101010101010101010101010101010101010101010101010101010101010101010101010202020202020202020203030303030303030404040404040404","0707070707070707070707070707070707070707070707070707070707070707070707070707070707070707080808080101010101020202020202020202020202020202020202020202020202020202020202020202020202020202020202020202","0303030303030303030808080808080808080808080101010101010101010101010101010101010101010101010101010101010101010101010101010101010101010101010101010101010109090909090909090909090905050505050505050505","0000000000000000000003030303030303030303030303030303030303030303000101010101010101010101010101010101010101010101010101010101010100050505050505050505050505050505050505050505050000000000000000000000","0303030303030303030303030303030303030303030303030303030303010101010101010101010101010101010101010101010101010101010101010101010101010101050505050505050505050505050505050505050505050505050505050505",2026-05-08 16:11:32.000,"0303030303030303030303030303030303030303030101010101010101010101010101010101010101010101010101010101010101010101010101010101010101010101010101010101010105050505050505050505050505050505050505050505"
FAB12,TMUW83,P9XP47.00,CP3,3,31,"03030303030303030302020202020202020202020201010101010101010101010101010101010101010101010101010101010101010101010101010101010101010101010101010101010101020202020202020202020202030303030303030303  ","04040404040404030303030303030302020202020202020202010101010101010101010101010101010101010101010101010101010101010101010101010101010101010101010102020202020202020202030303030303030304040404040404  ","07070707070707070707070707070707070707070707070707070707070707070707070707070707070708080808080801010101010101020202020202020202020202020202020202020202020202020202020202020202020202020202020202  ","03030303030303030308080808080808080808080801010101010101010101010101010101010101010101010101010101010101010101010101010101010101010101010101010101010101090909090909090909090909050505050505050505  ","00000000000000000000000303030303030303030303030303030303030303030000010101010101010101010101010101010101010101010101010101010100000505050505050505050505050505050505050505050000000000000000000000  ","03030303030303030303030303030303030303030303030303030303030301010101010101010101010101010101010101010101010101010101010101010101010101050505050505050505050505050505050505050505050505050505050505  ",2026-05-08 16:11:32.000,"03030303030303030303030303030303030303030301010101010101010101010101010101010101010101010101010101010101010101010101010101010101010101010101010101010101050505050505050505050505050505050505050505  "
FAB12,TMUW83,P9XP47.00,CP3,3,30,"03030303030303030303020202020202020202020202010101010101010101010101010101010101010101010101010101010101010101010101010101010101010101010101010101010102020202020202020202020203030303030303030303  ","04040404040404030303030303030302020202020202020202020101010101010101010101010101010101010101010101010101010101010101010101010101010101010101010202020202020202020202030303030303030304040404040404  ","07070707070707070707070707070707070707070707070707070707070707070707070707070707070808080808080801010101010101010202020202020202020202020202020202020202020202020202020202020202020202020202020202  ","03030303030303030303080808080808080808080808010101010101010101010101010101010101010101010101010101010101010101010101010101010101010101010101010101010109090909090909090909090905050505050505050505  ","00000000000000000000000003030303030303030303030303030303030303030000010101010101010101010101010101010101010101010101010101010100000505050505050505050505050505050505050505000000000000000000000000  ","03030303030303030303030303030303030303030303030303030303030301010101010101010101010101010101010101010101010101010101010101010101010101050505050505050505050505050505050505050505050505050505050505  ",2026-05-08 16:11:32.000,"03030303030303030303030303030303030303030303010101010101010101010101010101010101010101010101010101010101010101010101010101010101010101010101010101010105050505050505050505050505050505050505050505  "
FAB12,TMUW83,P9XP47.00,CP3,3,37,"0303030303030303030202020202020202020202020101010101010101010101010101010101010101010101010101010101010101010101010101010101010101010101010101010101010102020202020202020202020203030303030303030303","0404040404040403030303030303020202020202020202020101010101010101010101010101010101010101010101010101010101010101010101010101010101010101010101010102020202020202020202030303030303030404040404040404","0606060606060606060606060606060606060606060606060606060606060606060606060606060606060606060605050504040303030303030303030303030303030303030303030303030303030303030303030303030303030303030303030303","0303030303030303030707070707070707070707070101010101010101010101010101010101010101010101010101010101010101010101010101010101010101010101010101010101010106060606060606060606060605050505050505050505","0000000000000000000003030303030303030303030303030303030303030303010101010101010101010101010101010101010101010101010101010101010101050505050505050505050505050505050505050505050000000000000000000000","0303030303030303030303030303030303030303030303030303030303010101010101010101010101010101010101010101010101010101010101010101010101010101050505050505050505050505050505050505050505050505050505050505",2026-05-08 16:11:32.000,"0303030303030303030303030303030303030303030101010101010101010101010101010101010101010101010101010101010101010101010101010101010101010101010101010101010105050505050505050505050505050505050505050505"
FAB12,TMUW83,P9XP47.00,CP3,3,36,"0303030303030303030202020202020202020202020101010101010101010101010101010101010101010101010101010101010101010101010101010101010101010101010101010101010102020202020202020202020203030303030303030303","0404040404040403030303030303020202020202020202020101010101010101010101010101010101010101010101010101010101010101010101010101010101010101010101010102020202020202020202030303030303030404040404040404","0606060606060606060606060606060606060606060606060606060606060606060606060606060606060606060606060503030303030303030303030303030303030303030303030303030303030303030303030303030303030303030303030303","0303030303030303030707070707070707070707070101010101010101010101010101010101010101010101010101010101010101010101010101010101010101010101010101010101010106060606060606060606060605050505050505050505","0000000000000000000003030303030303030303030303030303030303030303010101010101010101010101010101010101010101010101010101010101010101050505050505050505050505050505050505050505050000000000000000000000","0303030303030303030303030303030303030303030303030303030303010101010101010101010101010101010101010101010101010101010101010101010101010101050505050505050505050505050505050505050505050505050505050505",2026-05-08 16:11:32.000,"0303030303030303030303030303030303030303030101010101010101010101010101010101010101010101010101010101010101010101010101010101010101010101010101010101010105050505050505050505050505050505050505050505"
FAB12,TMUW83,P9XP47.00,CP3,3,35,"0303030303030303030202020202020202020202020101010101010101010101010101010101010101010101010101010101010101010101010101010101010101010101010101010101010102020202020202020202020203030303030303030303","0404040404040403030303030303020202020202020202020101010101010101010101010101010101010101010101010101010101010101010101010101010101010101010101010102020202020202020202030303030303030404040404040404","0707070707070707070707070707070707070707070707070707070707070707070707070707070707070707070707070102020202020202020202020202020202020202020202020202020202020202020202020202020202020202020202020202","0303030303030303030808080808080808080808080101010101010101010101010101010101010101010101010101010101010101010101010101010101010101010101010101010101010109090909090909090909090905050505050505050505","0000000000000000000003030303030303030303030303030303030303030303010101010101010101010101010101010101010101010101010101010101010101050505050505050505050505050505050505050505050000000000000000000000","0303030303030303030303030303030303030303030303030303030303010101010101010101010101010101010101010101010101010101010101010101010101010101050505050505050505050505050505050505050505050505050505050505",2026-05-08 16:11:32.000,"0303030303030303030303030303030303030303030101010101010101010101010101010101010101010101010101010101010101010101010101010101010101010101010101010101010105050505050505050505050505050505050505050505"
FAB12,TMUW83,P9XP47.00,CP3,3,34,"0303030303030303030202020202020202020202020101010101010101010101010101010101010101010101010101010101010101010101010101010101010101010101010101010101010102020202020202020202020203030303030303030303","0404040404040403030303030303020202020202020202020101010101010101010101010101010101010101010101010101010101010101010101010101010101010101010101010102020202020202020202030303030303030404040404040404","0707070707070707070707070707070707070707070707070707070707070707070707070707070707070707070708080101010202020202020202020202020202020202020202020202020202020202020202020202020202020202020202020202","0303030303030303030808080808080808080808080101010101010101010101010101010101010101010101010101010101010101010101010101010101010101010101010101010101010109090909090909090909090905050505050505050505","0000000000000000000003030303030303030303030303030303030303030303010101010101010101010101010101010101010101010101010101010101010101050505050505050505050505050505050505050505050000000000000000000000","0303030303030303030303030303030303030303030303030303030303010101010101010101010101010101010101010101010101010101010101010101010101010101050505050505050505050505050505050505050505050505050505050505",2026-05-08 16:11:32.000,"0303030303030303030303030303030303030303030101010101010101010101010101010101010101010101010101010101010101010101010101010101010101010101010101010101010105050505050505050505050505050505050505050505"
FAB12,TMUW83,P9XP47.00,CP3,3,41,"  030303030303030303020202020202020202020202010101010101010101010101010101010101010101010101010101010101010101010101010101010101010101010101010101010102020202020202020202020203030303030303030303  ","  040404040404030303030303030302020202020202020202020101010101010101010101010101010101010101010101010101010101010101010101010101010101010101010202020202020202020202030303030303030304040404040404  ","  060606060606060606060606060606060606060606060606060606060606060606060606060606060505050505050505040404040404040303030303030303030303030303030303030303030303030303030303030303030303030303030303  ","  030303030303030303070707070707070707070707010101010101010101010101010101010101010101010101010101010101010101010101010101010101010101010101010101010106060606060606060606060605050505050505050505  ","  000000000000000000000003030303030303030303030303030303030303030000010101010101010101010101010101010101010101010101010101010100000505050505050505050505050505050505050505000000000000000000000000  ","  030303030303030303030303030303030303030303030303030303030301010101010101010101010101010101010101010101010101010101010101010101010101050505050505050505050505050505050505050505050505050505050505  ",2026-05-08 16:11:32.000,"  030303030303030303030303030303030303030303010101010101010101010101010101010101010101010101010101010101010101010101010101010101010101010101010101010105050505050505050505050505050505050505050505  "
FAB12,TMUW83,P9XP47.00,CP3,3,40,"  030303030303030302020202020202020202020201010101010101010101010101010101010101010101010101010101010101010101010101010101010101010101010101010101010101020202020202020202020202030303030303030303  ","  040404040404030303030303030302020202020202020202010101010101010101010101010101010101010101010101010101010101010101010101010101010101010101010102020202020202020202030303030303030304040404040404  ","  060606060606060606060606060606060606060606060606060606060606060606060606060606060605050505050505040404040404030303030303030303030303030303030303030303030303030303030303030303030303030303030303  ","  030303030303030307070707070707070707070701010101010101010101010101010101010101010101010101010101010101010101010101010101010101010101010101010101010101060606060606060606060606050505050505050505  ","  000000000000000000000303030303030303030303030303030303030303030000010101010101010101010101010101010101010101010101010101010100000505050505050505050505050505050505050505050000000000000000000000  ","  030303030303030303030303030303030303030303030303030303030301010101010101010101010101010101010101010101010101010101010101010101010101050505050505050505050505050505050505050505050505050505050505  ",2026-05-08 16:11:32.000,"  030303030303030303030303030303030303030301010101010101010101010101010101010101010101010101010101010101010101010101010101010101010101010101010101010101050505050505050505050505050505050505050505  "
FAB12,TMUW83,P9XP47.00,CP3,3,23,"      0303030303030303030302020202020202020202020202020101010101010101010101010101010101010101010101010101010101010101010101010101010101010102020202020202020202020202020303030303030303030303      ","      0404040404040403030303030303030302020202020202020202020202010101010101010101010101010101010101010101010101010101010101010101020202020202020202020202020303030303030303030404040404040404      ","      0707070707070707070707070707070707070707070707070707070708080808080808080808080808080808080101010101010101010101010101010101010202020202020202020202020202020202020202020202020202020202      ","      0303030303030303030308080808080808080808080808080101010101010101010101010101010101010101010101010101010101010101010101010101010101010109090909090909090909090909090505050505050505050505      ","      0000000000000000000000000000000000000000000000000000000000000000000000000000040404040404040404040404040404000000000000000000000000000000000000000000000000000000000000000000000000000000      ","      0303030303030303030303030303030808080808080808080808080808080808080808080801010101010101010101010101010101010909090909090909090909090909090909090909090905050505050505050505050505050505      ",2026-05-08 16:11:32.000,"      0303030303030303030303030303030303030303030303030101010101010101010101010101010101010101010101010101010101010101010101010101010101010105050505050505050505050505050505050505050505050505      "
FAB12,TMUW83,P9XP47.00,CP3,3,22,"      03030303030303030303030202020202020202020202020202010101010101010101010101010101010101010101010101010101010101010101010101010101010102020202020202020202020202020303030303030303030303        ","      04040404040404040303030303030303030202020202020202020202020202010101010101010101010101010101010101010101010101010101010102020202020202020202020202020303030303030303030404040404040404        ","      07070707070707070707070707070707070707070707070707070808080808080808080808080808080808080801010101010101010101010101010101010101010202020202020202020202020202020202020202020202020202        ","      03030303030303030303030808080808080808080808080808010101010101010101010101010101010101010101010101010101010101010101010101010101010109090909090909090909090909090505050505050505050505        ","      00000000000000000000000000000000000000000000000000000000000000000000000004040404040404040404040404040404040404000000000000000000000000000000000000000000000000000000000000000000000000        ","      03030303030303030303030303080808080808080808080808080808080808080808080808080808040101010101010101010409090909090909090909090909090909090909090909090909090905050505050505050505050505        ",2026-05-08 16:11:32.000,"      03030303030303030303030303030303030303030303030303010101010101010101010101010101010101010101010101010101010101010101010101010101010105050505050505050505050505050505050505050505050505        "
FAB12,TMUW83,P9XP47.00,CP3,3,21,"        030303030303030303030302020202020202020202020202020201010101010101010101010101010101010101010101010101010101010101010101010101020202020202020202020202020202030303030303030303030303        ","        040404040404040403030303030303030302020202020202020202020202020201010101010101010101010101010101010101010101010101020202020202020202020202020202030303030303030303040404040404040404        ","        070707070707070707070707070707070707070707070707080808080808080808080808080808080808080801010101010101010101010101010101010101010102020202020202020202020202020202020202020202020202        ","        030303030303030303030308080808080808080808080808080801010101010101010101010101010101010101010101010101010101010101010101010101090909090909090909090909090909050505050505050505050505        ","        000000000000000000000000000000000000000000000000000000000000000000040404040404040404040404040404040404040404040400000000000000000000000000000000000000000000000000000000000000000000        ","        030303030303030303080808080808080808080808080808080808080808080808080808080804040404040404040404040404090909090909090909090909090909090909090909090909090909090905050505050505050505        ",2026-05-08 16:11:32.000,"        030303030303030303030303030303030303030303030303040401010101010101010101010101010101010101010101010101010101010101010101010101040405050505050505050505050505050505050505050505050505        "
FAB12,TMUW83,P9XP47.00,CP3,3,20,"          03030303030303030303030202020202020202020202020202020101010101010101010101010101010101010101010101010101010101010101010101020202020202020202020202020202030303030303030303030303          ","          04040404040404040303030303030303030202020202020202020202020202020202010101010101010101010101010101010101010202020202020202020202020202020202030303030303030303040404040404040404          ","          07070707070707070707070707070707070707070708080808080808080808080808080808080808080808010101010101010101010101010101010101010101010102020202020202020202020202020202020202020202          ","          03030303030303030303030808080808080808080808080808080101010101010101010101010101010101010101010101010101010101010101010101090909090909090909090909090909050505050505050505050505          ","          00000000000000000000000000000000000000000000000000000000000000040404040404040404040404040404040404040404040404040000000000000000000000000000000000000000000000000000000000000000          ","          03030303030308080808080808080808080808080808080808080808080808080808080808040404040404040404040404040909090909090909090909090909090909090909090909090909090909090905050505050505          ",2026-05-08 16:11:32.000,"          03030303030303030303030303030303030303030304040404040101010101010101010101010101010101010101010101010101010101010101010101040404040405050505050505050505050505050505050505050505          "
FAB12,TMUW83,P9XP47.00,CP3,3,19,"          030303030303030303030303020202020202020202020202020202020101010101010101010101010101010101010101010101010101010101010102020202020202020202020202020202030303030303030303030303            ","          040404040404040404030303030303030303030202020202020202020202020202020202020201010101010101010101010202020202020202020202020202020202020203030303030303030303040404040404040404            ","          070707070707070707070707070707070707070708080808080808080808080808080808080808080808080101010101010101010101010101010101010101010101010202020202020202020202020202020202020202            ","          030303030303030303030303080808080808080808080808080808080101010101010101010101010101010101010101010101010101010101010109090909090909090909090909090909050505050505050505050505            ","          000000000000000000000000000000000000000000000000000000000000040404040404040404040404040404040404040404040404040404000000000000000000000000000000000000000000000000000000000000            ","          030303030808080808080808080808080808080808080808080808080808080808080808080404040404040404040404040409090909090909090909090909090909090909090909090909090909090909090905050505            ",2026-05-08 16:11:32.000,"          030303030303030303030303030303030303030304040404040404040101010101010101010101010101010101010101010101010101010101010104040404040404040505050505050505050505050505050505050505            "
FAB12,TMUW83,P9XP47.00,CP3,3,18,"            0303030303030303030303030202020202020202020202020202020202020101010101010101010101010101010101010101010101010102020202020202020202020202020202020203030303030303030303030303            ","            0404040404040404040303030303030303030302020202020202020202020202020202020202020202020202020202020202020202020202020202020202020202020303030303030303030304040404040404040404            ","            0707070707070707070707070707070707070808080808080808080808080808080808080808080808080101010101010101010101010101010101010101010101010102020202020202020202020202020202020202            ","            0303030303030303030303030808080808080808080808080808080808080101010101010101010101010101010101010101010101010109090909090909090909090909090909090905050505050505050505050505            ","            0000000000000000000000000000000000000000000000000000000004040404040404040404040404040404040404040404040404040404040000000000000000000000000000000000000000000000000000000000            ","            0808080808080808080808080808080808080808080808080808080808080808080808040404040404040404040404040404090909090909090909090909090909090909090909090909090909090909090909090905            ",2026-05-08 16:11:32.000,"            0303030303030303030303030303030303030404040404040404040404040101010101010101010101010101010101010101010101010104040404040404040404040405050505050505050505050505050505050505            "
FAB12,TMUW83,P9XP47.00,CP3,3,17,"              030303030303030303030303020202020202020202020202020202020202020201010101010101010101010101010101010101020202020202020202020202020202020202020203030303030303030303    03              ","              040404040404040404030303030303030303030302020202020202020202020202020202020202020202020202020202020202020202020202020202020202030303030303030303030304040404040404    04              ","              070707070707070707070707070707080808080808080808080808080808080808080808080808080801010101010101010101010101010101010101010101010101010102020202020202020202020202    02              ","              030303030303030303030303080808080808080808080808080808080808080801010101010101010101010101010101010101090909090909090909090909090909090909090905050505050505050505    05              ","              000000000000000000000000000000000000000000000000000004040404040404040404040404040404040404040404040404040404040404000000000000000000000000000000000000000000000000    00              ","              080808080808080808080808080808080808080808080808080808080808080808080404040404040404040404040404040909090909090909090909090909090909090909090909090909090909090909    09              ",2026-05-08 16:11:32.000,"              030303030303030303030303030303040404040404040404040404040404040401010101010101010101010101010101010101040404040404040404040404040404040405050505050505050505050505    05              "
FAB12,TMUW83,P9XP47.00,CP3,3,16,"                030303030303030303030303020202020202020202020202020202020202020202020202020101010101010102020202020202020202020202020202020202020202020202030303030303030303                        ","                040404040404040404030303030303030303030302020202020202020202020202020202020202020202020202020202020202020202020202020202020303030303030303030303040404040404                        ","                070707070707070707070707070808080808080808080808080808080808080808080808080808080101010101010101010101010101010101010101010101010101010102020202020202020202                        ","                030303030303030303030303080808080808080808080808080808080808080808080808080101010101010109090909090909090909090909090909090909090909090909050505050505050505                        ","                000000000000000000000000000000000000000000000000000404040404040404040404040404040404040404040404040404040404040400000000000000000000000000000000000000000000                        ","                080808080808080808080808080808080808080808080808080808080808080804040404040404040404040404040404040909090909090909090909090909090909090909090909090909090909                        ",2026-05-08 16:11:32.000,"                030303030303030303030303030404040404040404040404040404040404040404040404040101010101010104040404040404040404040404040404040404040404040405050505050505050505                        "
FAB12,TMUW83,P9XP47.00,CP3,3,15,"                  0303030303030303030303030302020202020202020202020202020202020202020202020202020202020202020202020202020202020202020202020202020202020303030303030303030303                        ","                  0404040404040404040303030303030303030303030302020202020202020202020202020202020202020202020202020202020202020202020303030303030303030303030304040404040404                        ","                  0707070707070707070708080808080808080808080808080808080808080808080808080808080101010101010101010101010101010101010101010101010101010101010202020202020202                        ","                  0303030303030303030304040408080808080808080808080808080808080808080808080808080909090909090909090909090909090909090909090909090909090404040505050505050505                        ","                  0000000000000000000000000000000000000000000000000404040404040404040404040404040404040404040404040404040404040400000000000000000000000000000000000000000000                        ","                  0808080808080808080808080808080808080808080808080808080808080804040404040404040404040404040404040909090909090909090909090909090909090909090909090909090909                        ",2026-05-08 16:11:32.000,"                  0303030303030303030304040404040404040404040404040404040404040404040404040404040404040404040404040404040404040404040404040404040404040404040505050505050505                        "
FAB12,TMUW83,P9XP47.00,CP3,3,14,"                    030303030303030303030303030202020202020202020202020202020202020202020202020202020202020202020202020202020202020202020202020202020303030303030303030303                          ","                    040404040404040404040303030303030303030303030302020202020202020202020202020202020202020202020202020202020202030303030303030303030303030404040404040404                          ","                    070707070707070708080808080808080808080808080808080808080808080808080808080801010101010101010101010101010101010101010101010101010101010101020202020202                          ","                    030303030303030304040404040808080808080808080808080808080808080808080808080809090909090909090909090909090909090909090909090909090404040404050505050505                          ","                    000000000000000000000000000000000000000000000404040404040404040404040404040404040404040404040404040404040404040000000000000000000000000000000000000000                          ","                    080808080808080808080808080808080808080808080808080808080808040404040404040404040404040404040409090909090909090909090909090909090909090909090909090909                          ",2026-05-08 16:11:32.000,"                    030303030303030304040404040404040404040404040404040404040404040404040404040404040404040404040404040404040404040404040404040404040404040404050505050505                          "
FAB12,TMUW83,P9XP47.00,CP3,3,29,"  030303030303030303020202020202020202020202010101010101010101010101010101010101010101010101010101010101010101010101010101010101010101010101010101010102020202020202020202020203030303030303030303  ","  040404040404040303030303030302020202020202020202020101010101010101010101010101010101010101010101010101010101010101010101010101010101010101010202020202020202020202030303030303030404040404040404  ","  070707070707070707070707070707070707070707070707070707070707070707070707070708080808080808080801010101010101010101020202020202020202020202020202020202020202020202020202020202020202020202020202  ","  030303030303030303080808080808080808080808010101010101010101010101010101010101010101010101010101010101010101010101010101010101010101010101010101010109090909090909090909090905050505050505050505  ","  000000000000000000000000030303030303030303030303030303030303030000000101010101010101010101010101010101010101010101010101010000000505050505050505050505050505050505050500000000000000000000000000  ","  030303030303030303030303030303030303030303030303030303030303010101010101010101010101010101010101010101010101010101010101010101010105050505050505050505050505050505050505050505050505050505050505  ",2026-05-08 16:11:32.000,"  030303030303030303030303030303030303030303010101010101010101010101010101010101010101010101010101010101010101010101010101010101010101010101010101010105050505050505050505050505050505050505050505  "
FAB12,TMUW83,P9XP47.00,CP3,3,28,"  030303030303030303020202020202020202020202020101010101010101010101010101010101010101010101010101010101010101010101010101010101010101010101010101010202020202020202020202020203030303030303030303  ","  040404040404040303030303030303020202020202020202020201010101010101010101010101010101010101010101010101010101010101010101010101010101010101020202020202020202020203030303030303030404040404040404  ","  070707070707070707070707070707070707070707070707070707070707070707070707070808080808080808080801010101010101010101010202020202020202020202020202020202020202020202020202020202020202020202020202  ","  030303030303030303080808080808080808080808080101010101010101010101010101010101010101010101010101010101010101010101010101010101010101010101010101010909090909090909090909090905050505050505050505  ","  000000000000000000000000000303030303030303030303030303030303030000000001010101010101010101010101010101010101010101010101000000000505050505050505050505050505050505050000000000000000000000000000  ","  030303030303030303030303030303030303030303030303030303030308080101010101010101010101010101010101010101010101010101010101010101010909050505050505050505050505050505050505050505050505050505050505  ",2026-05-08 16:11:32.000,"  030303030303030303030303030303030303030303030101010101010101010101010101010101010101010101010101010101010101010101010101010101010101010101010101010505050505050505050505050505050505050505050505  "
FAB12,TMUW83,P9XP47.00,CP3,3,27,"  0303030303030303030302020202020202020202020201010101010101010101010101010101010101010101010101010101010101010101010101010101010101010101010101010102020202020202020202020203030303030303030303    ","  0404040404040403030303030303030202020202020202020202010101010101010101010101010101010101010101010101010101010101010101010101010101010101010202020202020202020202030303030303030304040404040404    ","  0707070707070707070707070707070707070707070707070707070707070707070707080808080808080808080808010101010101010101010101010202020202020202020202020202020202020202020202020202020202020202020202    ","  0303030303030303030308080808080808080808080801010101010101010101010101010101010101010101010101010101010101010101010101010101010101010101010101010109090909090909090909090905050505050505050505    ","  0000000000000000000000000000030303030303030303030303030303030300000000000001010101010101010101010101010101010101010100000000000005050505050505050505050505050505050000000000000000000000000000    ","  0303030303030303030303030303030303030303030303030303030808080808010101010101010101010101010101010101010101010101010101010101010909090909050505050505050505050505050505050505050505050505050505    ",2026-05-08 16:11:32.000,"  0303030303030303030303030303030303030303030301010101010101010101010101010101010101010101010101010101010101010101010101010101010101010101010101010105050505050505050505050505050505050505050505    "
FAB12,TMUW83,P9XP47.00,CP3,3,26,"    03030303030303030302020202020202020202020202010101010101010101010101010101010101010101010101010101010101010101010101010101010101010101010101010202020202020202020202020203030303030303030303    ","    04040404040404030303030303030302020202020202020202020101010101010101010101010101010101010101010101010101010101010101010101010101010101020202020202020202020203030303030303030404040404040404    ","    07070707070707070707070707070707070707070707070707070707070707070708080808080808080808080808010101010101010101010101010102020202020202020202020202020202020202020202020202020202020202020202    ","    03030303030303030308080808080808080808080808010101010101010101010101010101010101010101010101010101010101010101010101010101010101010101010101010909090909090909090909090905050505050505050505    ","    00000000000000000000000000000003030303030303030303030303030300000000000000000101010101010101010101010101010101000000000000000005050505050505050505050505050500000000000000000000000000000000    ","    03030303030303030303030303030303030303030303030308080808080808080101010101010101010101010101010101010101010101010101010101090909090909090905050505050505050505050505050505050505050505050505    ",2026-05-08 16:11:32.000,"    03030303030303030303030303030303030303030303010101010101010101010101010101010101010101010101010101010101010101010101010101010101010101010101010505050505050505050505050505050505050505050505    "
FAB12,TMUW83,P9XP47.00,CP3,3,25,"    03030303030303030303020202020202020202020202020101010101010101010101010101010101010101010101010101010101010101010101010101010101010101010101020202020202020202020202020303030303030303030303    ","    04040404040404030303030303030303020202020202020202020201010101010101010101010101010101010101010101010101010101010101010101010101010102020202020202020202020303030303030303030404040404040404    ","    07070707070707070707070707070707070707070707070707070707070707070808080808080808080808080808010101010101010101010101010101020202020202020202020202020202020202020202020202020202020202020202    ","    03030303030303030303080808080808080808080808080101010101010101010101010101010101010101010101010101010101010101010101010101010101010101010101090909090909090909090909090505050505050505050505    ","    00000000000000000000000000000000000003030303030303030303030300000000000000000000010101010101010101010101010000000000000000000005050505050505050505050500000000000000000000000000000000000000    ","    03030303030303030303030303030303030303030308080808080808080808080808010101010101010101010101010101010101010101010101010909090909090909090909090905050505050505050505050505050505050505050505    ",2026-05-08 16:11:32.000,"    03030303030303030303030303030303030303030303030101010101010101010101010101010101010101010101010101010101010101010101010101010101010101010101050505050505050505050505050505050505050505050505    "
FAB12,TMUW83,P9XP47.00,CP3,3,24,"    030303030303030303030202020202020202020202020202010101010101010101010101010101010101010101010101010101010101010101010101010101010101010101020202020202020202020202020203030303030303030303      ","    040404040404040403030303030303030202020202020202020202020201010101010101010101010101010101010101010101010101010101010101010101010202020202020202020202020203030303030303030404040404040404      ","    070707070707070707070707070707070707070707070707070707070707080808080808080808080808080808080101010101010101010101010101010101020202020202020202020202020202020202020202020202020202020202      ","    030303030303030303030808080808080808080808080808010101010101010101010101010101010101010101010101010101010101010101010101010101010101010101090909090909090909090909090905050505050505050505      ","    000000000000000000000000000000000000000000000000000000000000000000000000000000000000000004040404040000000000000000000000000000000000000000000000000000000000000000000000000000000000000000      ","    030303030303030303030303030303030303030808080808080808080808080808080801010101010101010101010101010101010101010101010909090909090909090909090909090905050505050505050505050505050505050505      ",2026-05-08 16:11:32.000,"    030303030303030303030303030303030303030303030303010101010101010101010101010101010101010101010101010101010101010101010101010101010101010101050505050505050505050505050505050505050505050505      "
FAB12,TMUW83,P9XP47.00,CP3,3,13,"                      0303030303030303030303030303020202020202020202020202020202020202020202020202020202020202020202020202020202020202020202020203030303030303030303030303                          ","                      0404040404040404040403030303030303030303030303030302020202020202020202020202020202020202020202020202030303030303030303030303030303040404040404040404                          ","                      0707070707080808080808080808080808080808080808080808080808080808080808080801010101010101010101010101010101010101010101010101010101010101010102020202                          ","                      0303030303040404040404040404080808080808080808080808080808080808080808080809090909090909090909090909090909090909090909090904040404040404040405050505                          ","                      0000000000000000000000000000000000000000000404040404040404040404040404040404040404040404040404040404040404040000000000000000000000000000000000000000                          ","                      0808080808080808080808080808080808080808080808080808080804040404040404040404040404040404040404090909090909090909090909090909090909090909090909090909                          ",2026-05-08 16:11:32.000,"                      0303030303040404040404040404040404040404040404040404040404040404040404040404040404040404040404040404040404040404040404040404040404040404040405050505                          "
FAB12,TMUW83,P9XP47.00,CP3,3,12,"                        0303030303030303030303030303030202020202020202020202020202020202020202020202020202020202020202020202020202020202020203030303030303030303030303030303                        ","                        0404040404040404040404030303030303030303030303030303030303020202020202020202020202020202030303030303030303030303030303030303040404040404040404040404                        ","                        0707070808080808080808080808080808080808080808080808080808080808080808080101010101010101010101010101010101010101010101010101010101010101010102020202                        ","                        0303030404040404040404040404040808080808080808080808080808080808080808080909090909090909090909090909090909090909090904040404040404040404040405050505                        ","                        0000000000000000000000000000000000000000040404040404040404040404040404040404040404040404040404040404040404000000000000000000000000000000000000000000                        ","                        0808080808080808080808080808080808080808080808080808080404040404040404040404040404040404040409090909090909090909090909090909090909090909090909090909                        ",2026-05-08 16:11:32.000,"                        0303030404040404040404040404040404040404040404040404040404040404040404040404040404040404040404040404040404040404040404040404040404040404040405050505                        "
FAB12,TMUW83,P9XP47.00,CP3,3,9,"                                030303030303030303030303030303030303030303020202020202020202020202020202020202020202020203030303030303030303030303030303030303030303                                ","                                040404040404040404040404040403030303030303030303030303030303030303030303030303030303030303030303030303040404040404040404040404040404                                ","                                080808080808080808080808080808080808080808080808080808080808080801010101010101010101010101010101010101010101010101010101010101010101                                ","                                040404040404040404040404040404040404040404080808080808080808080809090909090909090909090904040404040404040404040404040404040404040404                                ","                                000000000000000000000000000000000004040404040404040404040404040404040404040404040404040404040404000000000000000000000000000000000000                                ","                                080808080808080808080808080808080808080808080404040404040404040404040404040404040404040909090909090909090909090909090909090909090909                                ",2026-05-08 16:11:32.000,"                                040404040404040404040404040404040404040404040404040404040404040404040404040404040404040404040404040404040404040404040404040404040404                                "
FAB12,TMUW83,P9XP47.00,CP3,3,8,"                                    0303030303030303030303030303030303030303030303030302020202020202020202020303030303030303030303030303030303030303030303030303                                    ","                                    0404040404040404040404040404040303030303030303030303030303030303030303030303030303030303030304040404040404040404040404040404                                    ","                                    0808080808080808080808080808080808080808080808080808080808080101010101010101010101010101010101010101010101010101010101010101                                    ","                                    0404040404040404040404040404040404040404040404040408080808080909090909090404040404040404040404040404040404040404040404040404                                    ","                                    0000000000000000000000000000000004040404040404040404040404040404040404040404040404040404040000000000000000000000000000000000                                    ","                                    0808080808080808080808080808080808080804040404040404040404040404040404040404040404040909090909090909090909090909090909090909                                    ",2026-05-08 16:11:32.000,"                                    0404040404040404040404040404040404040404040404040404040404040404040404040404040404040404040404040404040404040404040404040404                                    "
FAB12,TMUW83,P9XP47.00,CP3,3,3,"                                                          03030303030303030303030303030303030303030303030303030303030303030303030303030303                                                          ","                                                          04040404040404040404040404040404040404040404040404040404040404040404040404040404                                                          ","                                                          08080808080808080808080808080808080808010101010101010101010101010101010101010101                                                          ","                                                          04040404040404040404040404040404040404040404040404040404040404040404040404040404                                                          ","                                                          00000000000000000000000404040404040404040404040404040404000000000000000000000000                                                          ","                                                          08080808080804040404040404040404040404040404040404040404040404040409090909090909                                                          ",2026-05-08 16:11:32.000,"                                                          04040404040404040404040404040404040404040404040404040404040404040404040404040404                                                          "
FAB12,TMUW83,P9XP47.00,CP3,3,2,"                                                                030303030303030303030303030303030303030303030303030303030303030303                                                                  ","                                                                040404040404040404040404040404040404040404040404040404040404040404                                                                  ","                                                                080808080808080808080808080808080101010101010101010101010101010101                                                                  ","                                                                040404040404040404040404040404040404040404040404040404040404040404                                                                  ","                                                                000000000000000000000000040404040404040404000000000000000000000000                                                                  ","                                                                080808040404040404040404040404040404040404040404040404040404090909                                                                  ",2026-05-08 16:11:32.000,"                                                                040404040404040404040404040404040404040404040404040404040404040404                                                                  "
FAB12,TMUW83,
